geography,week_start_date,old_total_cases,new_total_cases,change_type,observed_at_utc,source_file_id,source_publication_date
pr,2019-01-07,,1,new,2026-07-15T04:12:53.929847+00:00,2450f009-9079-4bdb-8799-1600bdd4fce1,2026-06-04T15:56:55.527867Z
pr,2019-01-14,,1,new,2026-07-15T04:12:53.929847+00:00,2450f009-9079-4bdb-8799-1600bdd4fce1,2026-06-04T15:56:55.527867Z
pr,2019-01-21,,1,new,2026-07-15T04:12:53.929847+00:00,2450f009-9079-4bdb-8799-1600bdd4fce1,2026-06-04T15:56:55.527867Z
pr,2019-01-28,,0,new,2026-07-15T04:12:53.929847+00:00,2450f009-9079-4bdb-8799-1600bdd4fce1,2026-06-04T15:56:55.527867Z
pr,2019-02-04,,0,new,2026-07-15T04:12:53.929847+00:00,2450f009-9079-4bdb-8799-1600bdd4fce1,2026-06-04T15:56:55.527867Z
pr,2019-02-11,,0,new,2026-07-15T04:12:53.929847+00:00,2450f009-9079-4bdb-8799-1600bdd4fce1,2026-06-04T15:56:55.527867Z
pr,2019-02-18,,2,new,2026-07-15T04:12:53.929847+00:00,2450f009-9079-4bdb-8799-1600bdd4fce1,2026-06-04T15:56:55.527867Z
pr,2019-02-25,,0,new,2026-07-15T04:12:53.929847+00:00,2450f009-9079-4bdb-8799-1600bdd4fce1,2026-06-04T15:56:55.527867Z
pr,2019-03-04,,0,new,2026-07-15T04:12:53.929847+00:00,2450f009-9079-4bdb-8799-1600bdd4fce1,2026-06-04T15:56:55.527867Z
pr,2019-03-11,,0,new,2026-07-15T04:12:53.929847+00:00,2450f009-9079-4bdb-8799-1600bdd4fce1,2026-06-04T15:56:55.527867Z
pr,2019-03-18,,0,new,2026-07-15T04:12:53.929847+00:00,2450f009-9079-4bdb-8799-1600bdd4fce1,2026-06-04T15:56:55.527867Z
pr,2019-03-25,,1,new,2026-07-15T04:12:53.929847+00:00,2450f009-9079-4bdb-8799-1600bdd4fce1,2026-06-04T15:56:55.527867Z
pr,2019-04-01,,0,new,2026-07-15T04:12:53.929847+00:00,2450f009-9079-4bdb-8799-1600bdd4fce1,2026-06-04T15:56:55.527867Z
pr,2019-04-08,,0,new,2026-07-15T04:12:53.929847+00:00,2450f009-9079-4bdb-8799-1600bdd4fce1,2026-06-04T15:56:55.527867Z
pr,2019-04-15,,0,new,2026-07-15T04:12:53.929847+00:00,2450f009-9079-4bdb-8799-1600bdd4fce1,2026-06-04T15:56:55.527867Z
pr,2019-04-22,,0,new,2026-07-15T04:12:53.929847+00:00,2450f009-9079-4bdb-8799-1600bdd4fce1,2026-06-04T15:56:55.527867Z
pr,2019-04-29,,0,new,2026-07-15T04:12:53.929847+00:00,2450f009-9079-4bdb-8799-1600bdd4fce1,2026-06-04T15:56:55.527867Z
pr,2019-05-06,,1,new,2026-07-15T04:12:53.929847+00:00,2450f009-9079-4bdb-8799-1600bdd4fce1,2026-06-04T15:56:55.527867Z
pr,2019-05-13,,1,new,2026-07-15T04:12:53.929847+00:00,2450f009-9079-4bdb-8799-1600bdd4fce1,2026-06-04T15:56:55.527867Z
pr,2019-05-20,,1,new,2026-07-15T04:12:53.929847+00:00,2450f009-9079-4bdb-8799-1600bdd4fce1,2026-06-04T15:56:55.527867Z
pr,2019-05-27,,0,new,2026-07-15T04:12:53.929847+00:00,2450f009-9079-4bdb-8799-1600bdd4fce1,2026-06-04T15:56:55.527867Z
pr,2019-06-03,,0,new,2026-07-15T04:12:53.929847+00:00,2450f009-9079-4bdb-8799-1600bdd4fce1,2026-06-04T15:56:55.527867Z
pr,2019-06-10,,0,new,2026-07-15T04:12:53.929847+00:00,2450f009-9079-4bdb-8799-1600bdd4fce1,2026-06-04T15:56:55.527867Z
pr,2019-06-17,,1,new,2026-07-15T04:12:53.929847+00:00,2450f009-9079-4bdb-8799-1600bdd4fce1,2026-06-04T15:56:55.527867Z
pr,2019-06-24,,0,new,2026-07-15T04:12:53.929847+00:00,2450f009-9079-4bdb-8799-1600bdd4fce1,2026-06-04T15:56:55.527867Z
pr,2019-07-01,,1,new,2026-07-15T04:12:53.929847+00:00,2450f009-9079-4bdb-8799-1600bdd4fce1,2026-06-04T15:56:55.527867Z
pr,2019-07-08,,1,new,2026-07-15T04:12:53.929847+00:00,2450f009-9079-4bdb-8799-1600bdd4fce1,2026-06-04T15:56:55.527867Z
pr,2019-07-15,,1,new,2026-07-15T04:12:53.929847+00:00,2450f009-9079-4bdb-8799-1600bdd4fce1,2026-06-04T15:56:55.527867Z
pr,2019-07-22,,0,new,2026-07-15T04:12:53.929847+00:00,2450f009-9079-4bdb-8799-1600bdd4fce1,2026-06-04T15:56:55.527867Z
pr,2019-07-29,,1,new,2026-07-15T04:12:53.929847+00:00,2450f009-9079-4bdb-8799-1600bdd4fce1,2026-06-04T15:56:55.527867Z
pr,2019-08-05,,1,new,2026-07-15T04:12:53.929847+00:00,2450f009-9079-4bdb-8799-1600bdd4fce1,2026-06-04T15:56:55.527867Z
pr,2019-08-12,,0,new,2026-07-15T04:12:53.929847+00:00,2450f009-9079-4bdb-8799-1600bdd4fce1,2026-06-04T15:56:55.527867Z
pr,2019-08-19,,1,new,2026-07-15T04:12:53.929847+00:00,2450f009-9079-4bdb-8799-1600bdd4fce1,2026-06-04T15:56:55.527867Z
pr,2019-08-26,,1,new,2026-07-15T04:12:53.929847+00:00,2450f009-9079-4bdb-8799-1600bdd4fce1,2026-06-04T15:56:55.527867Z
pr,2019-09-02,,3,new,2026-07-15T04:12:53.929847+00:00,2450f009-9079-4bdb-8799-1600bdd4fce1,2026-06-04T15:56:55.527867Z
pr,2019-09-09,,2,new,2026-07-15T04:12:53.929847+00:00,2450f009-9079-4bdb-8799-1600bdd4fce1,2026-06-04T15:56:55.527867Z
pr,2019-09-16,,1,new,2026-07-15T04:12:53.929847+00:00,2450f009-9079-4bdb-8799-1600bdd4fce1,2026-06-04T15:56:55.527867Z
pr,2019-09-23,,7,new,2026-07-15T04:12:53.929847+00:00,2450f009-9079-4bdb-8799-1600bdd4fce1,2026-06-04T15:56:55.527867Z
pr,2019-09-30,,2,new,2026-07-15T04:12:53.929847+00:00,2450f009-9079-4bdb-8799-1600bdd4fce1,2026-06-04T15:56:55.527867Z
pr,2019-10-07,,4,new,2026-07-15T04:12:53.929847+00:00,2450f009-9079-4bdb-8799-1600bdd4fce1,2026-06-04T15:56:55.527867Z
pr,2019-10-14,,3,new,2026-07-15T04:12:53.929847+00:00,2450f009-9079-4bdb-8799-1600bdd4fce1,2026-06-04T15:56:55.527867Z
pr,2019-10-21,,1,new,2026-07-15T04:12:53.929847+00:00,2450f009-9079-4bdb-8799-1600bdd4fce1,2026-06-04T15:56:55.527867Z
pr,2019-10-28,,2,new,2026-07-15T04:12:53.929847+00:00,2450f009-9079-4bdb-8799-1600bdd4fce1,2026-06-04T15:56:55.527867Z
pr,2019-11-04,,4,new,2026-07-15T04:12:53.929847+00:00,2450f009-9079-4bdb-8799-1600bdd4fce1,2026-06-04T15:56:55.527867Z
pr,2019-11-11,,4,new,2026-07-15T04:12:53.929847+00:00,2450f009-9079-4bdb-8799-1600bdd4fce1,2026-06-04T15:56:55.527867Z
pr,2019-11-18,,3,new,2026-07-15T04:12:53.929847+00:00,2450f009-9079-4bdb-8799-1600bdd4fce1,2026-06-04T15:56:55.527867Z
pr,2019-11-25,,4,new,2026-07-15T04:12:53.929847+00:00,2450f009-9079-4bdb-8799-1600bdd4fce1,2026-06-04T15:56:55.527867Z
pr,2019-12-02,,10,new,2026-07-15T04:12:53.929847+00:00,2450f009-9079-4bdb-8799-1600bdd4fce1,2026-06-04T15:56:55.527867Z
pr,2019-12-09,,11,new,2026-07-15T04:12:53.929847+00:00,2450f009-9079-4bdb-8799-1600bdd4fce1,2026-06-04T15:56:55.527867Z
pr,2019-12-16,,7,new,2026-07-15T04:12:53.929847+00:00,2450f009-9079-4bdb-8799-1600bdd4fce1,2026-06-04T15:56:55.527867Z
pr,2019-12-23,,15,new,2026-07-15T04:12:53.929847+00:00,2450f009-9079-4bdb-8799-1600bdd4fce1,2026-06-04T15:56:55.527867Z
pr,2019-12-30,,11,new,2026-07-15T04:12:53.929847+00:00,2450f009-9079-4bdb-8799-1600bdd4fce1,2026-06-04T15:56:55.527867Z
pr,2020-01-06,,12,new,2026-07-15T04:12:53.929847+00:00,2450f009-9079-4bdb-8799-1600bdd4fce1,2026-06-04T15:56:55.527867Z
pr,2020-01-13,,20,new,2026-07-15T04:12:53.929847+00:00,2450f009-9079-4bdb-8799-1600bdd4fce1,2026-06-04T15:56:55.527867Z
pr,2020-01-20,,20,new,2026-07-15T04:12:53.929847+00:00,2450f009-9079-4bdb-8799-1600bdd4fce1,2026-06-04T15:56:55.527867Z
pr,2020-01-27,,24,new,2026-07-15T04:12:53.929847+00:00,2450f009-9079-4bdb-8799-1600bdd4fce1,2026-06-04T15:56:55.527867Z
pr,2020-02-03,,20,new,2026-07-15T04:12:53.929847+00:00,2450f009-9079-4bdb-8799-1600bdd4fce1,2026-06-04T15:56:55.527867Z
pr,2020-02-10,,23,new,2026-07-15T04:12:53.929847+00:00,2450f009-9079-4bdb-8799-1600bdd4fce1,2026-06-04T15:56:55.527867Z
pr,2020-02-17,,24,new,2026-07-15T04:12:53.929847+00:00,2450f009-9079-4bdb-8799-1600bdd4fce1,2026-06-04T15:56:55.527867Z
pr,2020-02-24,,19,new,2026-07-15T04:12:53.929847+00:00,2450f009-9079-4bdb-8799-1600bdd4fce1,2026-06-04T15:56:55.527867Z
pr,2020-03-02,,13,new,2026-07-15T04:12:53.929847+00:00,2450f009-9079-4bdb-8799-1600bdd4fce1,2026-06-04T15:56:55.527867Z
pr,2020-03-09,,8,new,2026-07-15T04:12:53.929847+00:00,2450f009-9079-4bdb-8799-1600bdd4fce1,2026-06-04T15:56:55.527867Z
pr,2020-03-16,,8,new,2026-07-15T04:12:53.929847+00:00,2450f009-9079-4bdb-8799-1600bdd4fce1,2026-06-04T15:56:55.527867Z
pr,2020-03-23,,7,new,2026-07-15T04:12:53.929847+00:00,2450f009-9079-4bdb-8799-1600bdd4fce1,2026-06-04T15:56:55.527867Z
pr,2020-03-30,,9,new,2026-07-15T04:12:53.929847+00:00,2450f009-9079-4bdb-8799-1600bdd4fce1,2026-06-04T15:56:55.527867Z
pr,2020-04-06,,11,new,2026-07-15T04:12:53.929847+00:00,2450f009-9079-4bdb-8799-1600bdd4fce1,2026-06-04T15:56:55.527867Z
pr,2020-04-13,,16,new,2026-07-15T04:12:53.929847+00:00,2450f009-9079-4bdb-8799-1600bdd4fce1,2026-06-04T15:56:55.527867Z
pr,2020-04-20,,18,new,2026-07-15T04:12:53.929847+00:00,2450f009-9079-4bdb-8799-1600bdd4fce1,2026-06-04T15:56:55.527867Z
pr,2020-04-27,,12,new,2026-07-15T04:12:53.929847+00:00,2450f009-9079-4bdb-8799-1600bdd4fce1,2026-06-04T15:56:55.527867Z
pr,2020-05-04,,19,new,2026-07-15T04:12:53.929847+00:00,2450f009-9079-4bdb-8799-1600bdd4fce1,2026-06-04T15:56:55.527867Z
pr,2020-05-11,,13,new,2026-07-15T04:12:53.929847+00:00,2450f009-9079-4bdb-8799-1600bdd4fce1,2026-06-04T15:56:55.527867Z
pr,2020-05-18,,9,new,2026-07-15T04:12:53.929847+00:00,2450f009-9079-4bdb-8799-1600bdd4fce1,2026-06-04T15:56:55.527867Z
pr,2020-05-25,,11,new,2026-07-15T04:12:53.929847+00:00,2450f009-9079-4bdb-8799-1600bdd4fce1,2026-06-04T15:56:55.527867Z
pr,2020-06-01,,11,new,2026-07-15T04:12:53.929847+00:00,2450f009-9079-4bdb-8799-1600bdd4fce1,2026-06-04T15:56:55.527867Z
pr,2020-06-08,,7,new,2026-07-15T04:12:53.929847+00:00,2450f009-9079-4bdb-8799-1600bdd4fce1,2026-06-04T15:56:55.527867Z
pr,2020-06-15,,13,new,2026-07-15T04:12:53.929847+00:00,2450f009-9079-4bdb-8799-1600bdd4fce1,2026-06-04T15:56:55.527867Z
pr,2020-06-22,,4,new,2026-07-15T04:12:53.929847+00:00,2450f009-9079-4bdb-8799-1600bdd4fce1,2026-06-04T15:56:55.527867Z
pr,2020-06-29,,12,new,2026-07-15T04:12:53.929847+00:00,2450f009-9079-4bdb-8799-1600bdd4fce1,2026-06-04T15:56:55.527867Z
pr,2020-07-06,,7,new,2026-07-15T04:12:53.929847+00:00,2450f009-9079-4bdb-8799-1600bdd4fce1,2026-06-04T15:56:55.527867Z
pr,2020-07-13,,6,new,2026-07-15T04:12:53.929847+00:00,2450f009-9079-4bdb-8799-1600bdd4fce1,2026-06-04T15:56:55.527867Z
pr,2020-07-20,,4,new,2026-07-15T04:12:53.929847+00:00,2450f009-9079-4bdb-8799-1600bdd4fce1,2026-06-04T15:56:55.527867Z
pr,2020-07-27,,10,new,2026-07-15T04:12:53.929847+00:00,2450f009-9079-4bdb-8799-1600bdd4fce1,2026-06-04T15:56:55.527867Z
pr,2020-08-03,,9,new,2026-07-15T04:12:53.929847+00:00,2450f009-9079-4bdb-8799-1600bdd4fce1,2026-06-04T15:56:55.527867Z
pr,2020-08-10,,15,new,2026-07-15T04:12:53.929847+00:00,2450f009-9079-4bdb-8799-1600bdd4fce1,2026-06-04T15:56:55.527867Z
pr,2020-08-17,,13,new,2026-07-15T04:12:53.929847+00:00,2450f009-9079-4bdb-8799-1600bdd4fce1,2026-06-04T15:56:55.527867Z
pr,2020-08-24,,12,new,2026-07-15T04:12:53.929847+00:00,2450f009-9079-4bdb-8799-1600bdd4fce1,2026-06-04T15:56:55.527867Z
pr,2020-08-31,,17,new,2026-07-15T04:12:53.929847+00:00,2450f009-9079-4bdb-8799-1600bdd4fce1,2026-06-04T15:56:55.527867Z
pr,2020-09-07,,16,new,2026-07-15T04:12:53.929847+00:00,2450f009-9079-4bdb-8799-1600bdd4fce1,2026-06-04T15:56:55.527867Z
pr,2020-09-14,,14,new,2026-07-15T04:12:53.929847+00:00,2450f009-9079-4bdb-8799-1600bdd4fce1,2026-06-04T15:56:55.527867Z
pr,2020-09-21,,27,new,2026-07-15T04:12:53.929847+00:00,2450f009-9079-4bdb-8799-1600bdd4fce1,2026-06-04T15:56:55.527867Z
pr,2020-09-28,,25,new,2026-07-15T04:12:53.929847+00:00,2450f009-9079-4bdb-8799-1600bdd4fce1,2026-06-04T15:56:55.527867Z
pr,2020-10-05,,29,new,2026-07-15T04:12:53.929847+00:00,2450f009-9079-4bdb-8799-1600bdd4fce1,2026-06-04T15:56:55.527867Z
pr,2020-10-12,,36,new,2026-07-15T04:12:53.929847+00:00,2450f009-9079-4bdb-8799-1600bdd4fce1,2026-06-04T15:56:55.527867Z
pr,2020-10-19,,36,new,2026-07-15T04:12:53.929847+00:00,2450f009-9079-4bdb-8799-1600bdd4fce1,2026-06-04T15:56:55.527867Z
pr,2020-10-26,,31,new,2026-07-15T04:12:53.929847+00:00,2450f009-9079-4bdb-8799-1600bdd4fce1,2026-06-04T15:56:55.527867Z
pr,2020-11-02,,42,new,2026-07-15T04:12:53.929847+00:00,2450f009-9079-4bdb-8799-1600bdd4fce1,2026-06-04T15:56:55.527867Z
pr,2020-11-09,,39,new,2026-07-15T04:12:53.929847+00:00,2450f009-9079-4bdb-8799-1600bdd4fce1,2026-06-04T15:56:55.527867Z
pr,2020-11-16,,32,new,2026-07-15T04:12:53.929847+00:00,2450f009-9079-4bdb-8799-1600bdd4fce1,2026-06-04T15:56:55.527867Z
pr,2020-11-23,,29,new,2026-07-15T04:12:53.929847+00:00,2450f009-9079-4bdb-8799-1600bdd4fce1,2026-06-04T15:56:55.527867Z
pr,2020-11-30,,32,new,2026-07-15T04:12:53.929847+00:00,2450f009-9079-4bdb-8799-1600bdd4fce1,2026-06-04T15:56:55.527867Z
pr,2020-12-07,,29,new,2026-07-15T04:12:53.929847+00:00,2450f009-9079-4bdb-8799-1600bdd4fce1,2026-06-04T15:56:55.527867Z
pr,2020-12-14,,36,new,2026-07-15T04:12:53.929847+00:00,2450f009-9079-4bdb-8799-1600bdd4fce1,2026-06-04T15:56:55.527867Z
pr,2020-12-21,,35,new,2026-07-15T04:12:53.929847+00:00,2450f009-9079-4bdb-8799-1600bdd4fce1,2026-06-04T15:56:55.527867Z
pr,2020-12-28,,29,new,2026-07-15T04:12:53.929847+00:00,2450f009-9079-4bdb-8799-1600bdd4fce1,2026-06-04T15:56:55.527867Z
pr,2021-01-04,,32,new,2026-07-15T04:12:53.929847+00:00,2450f009-9079-4bdb-8799-1600bdd4fce1,2026-06-04T15:56:55.527867Z
pr,2021-01-11,,23,new,2026-07-15T04:12:53.929847+00:00,2450f009-9079-4bdb-8799-1600bdd4fce1,2026-06-04T15:56:55.527867Z
pr,2021-01-18,,27,new,2026-07-15T04:12:53.929847+00:00,2450f009-9079-4bdb-8799-1600bdd4fce1,2026-06-04T15:56:55.527867Z
pr,2021-01-25,,25,new,2026-07-15T04:12:53.929847+00:00,2450f009-9079-4bdb-8799-1600bdd4fce1,2026-06-04T15:56:55.527867Z
pr,2021-02-01,,23,new,2026-07-15T04:12:53.929847+00:00,2450f009-9079-4bdb-8799-1600bdd4fce1,2026-06-04T15:56:55.527867Z
pr,2021-02-08,,23,new,2026-07-15T04:12:53.929847+00:00,2450f009-9079-4bdb-8799-1600bdd4fce1,2026-06-04T15:56:55.527867Z
pr,2021-02-15,,17,new,2026-07-15T04:12:53.929847+00:00,2450f009-9079-4bdb-8799-1600bdd4fce1,2026-06-04T15:56:55.527867Z
pr,2021-02-22,,16,new,2026-07-15T04:12:53.929847+00:00,2450f009-9079-4bdb-8799-1600bdd4fce1,2026-06-04T15:56:55.527867Z
pr,2021-03-01,,30,new,2026-07-15T04:12:53.929847+00:00,2450f009-9079-4bdb-8799-1600bdd4fce1,2026-06-04T15:56:55.527867Z
pr,2021-03-08,,19,new,2026-07-15T04:12:53.929847+00:00,2450f009-9079-4bdb-8799-1600bdd4fce1,2026-06-04T15:56:55.527867Z
pr,2021-03-15,,9,new,2026-07-15T04:12:53.929847+00:00,2450f009-9079-4bdb-8799-1600bdd4fce1,2026-06-04T15:56:55.527867Z
pr,2021-03-22,,6,new,2026-07-15T04:12:53.929847+00:00,2450f009-9079-4bdb-8799-1600bdd4fce1,2026-06-04T15:56:55.527867Z
pr,2021-03-29,,10,new,2026-07-15T04:12:53.929847+00:00,2450f009-9079-4bdb-8799-1600bdd4fce1,2026-06-04T15:56:55.527867Z
pr,2021-04-05,,6,new,2026-07-15T04:12:53.929847+00:00,2450f009-9079-4bdb-8799-1600bdd4fce1,2026-06-04T15:56:55.527867Z
pr,2021-04-12,,5,new,2026-07-15T04:12:53.929847+00:00,2450f009-9079-4bdb-8799-1600bdd4fce1,2026-06-04T15:56:55.527867Z
pr,2021-04-19,,8,new,2026-07-15T04:12:53.929847+00:00,2450f009-9079-4bdb-8799-1600bdd4fce1,2026-06-04T15:56:55.527867Z
pr,2021-04-26,,9,new,2026-07-15T04:12:53.929847+00:00,2450f009-9079-4bdb-8799-1600bdd4fce1,2026-06-04T15:56:55.527867Z
pr,2021-05-03,,4,new,2026-07-15T04:12:53.929847+00:00,2450f009-9079-4bdb-8799-1600bdd4fce1,2026-06-04T15:56:55.527867Z
pr,2021-05-10,,10,new,2026-07-15T04:12:53.929847+00:00,2450f009-9079-4bdb-8799-1600bdd4fce1,2026-06-04T15:56:55.527867Z
pr,2021-05-17,,13,new,2026-07-15T04:12:53.929847+00:00,2450f009-9079-4bdb-8799-1600bdd4fce1,2026-06-04T15:56:55.527867Z
pr,2021-05-24,,12,new,2026-07-15T04:12:53.929847+00:00,2450f009-9079-4bdb-8799-1600bdd4fce1,2026-06-04T15:56:55.527867Z
pr,2021-05-31,,13,new,2026-07-15T04:12:53.929847+00:00,2450f009-9079-4bdb-8799-1600bdd4fce1,2026-06-04T15:56:55.527867Z
pr,2021-06-07,,7,new,2026-07-15T04:12:53.929847+00:00,2450f009-9079-4bdb-8799-1600bdd4fce1,2026-06-04T15:56:55.527867Z
pr,2021-06-14,,7,new,2026-07-15T04:12:53.929847+00:00,2450f009-9079-4bdb-8799-1600bdd4fce1,2026-06-04T15:56:55.527867Z
pr,2021-06-21,,5,new,2026-07-15T04:12:53.929847+00:00,2450f009-9079-4bdb-8799-1600bdd4fce1,2026-06-04T15:56:55.527867Z
pr,2021-06-28,,13,new,2026-07-15T04:12:53.929847+00:00,2450f009-9079-4bdb-8799-1600bdd4fce1,2026-06-04T15:56:55.527867Z
pr,2021-07-05,,19,new,2026-07-15T04:12:53.929847+00:00,2450f009-9079-4bdb-8799-1600bdd4fce1,2026-06-04T15:56:55.527867Z
pr,2021-07-12,,11,new,2026-07-15T04:12:53.929847+00:00,2450f009-9079-4bdb-8799-1600bdd4fce1,2026-06-04T15:56:55.527867Z
pr,2021-07-19,,10,new,2026-07-15T04:12:53.929847+00:00,2450f009-9079-4bdb-8799-1600bdd4fce1,2026-06-04T15:56:55.527867Z
pr,2021-07-26,,5,new,2026-07-15T04:12:53.929847+00:00,2450f009-9079-4bdb-8799-1600bdd4fce1,2026-06-04T15:56:55.527867Z
pr,2021-08-02,,11,new,2026-07-15T04:12:53.929847+00:00,2450f009-9079-4bdb-8799-1600bdd4fce1,2026-06-04T15:56:55.527867Z
pr,2021-08-09,,15,new,2026-07-15T04:12:53.929847+00:00,2450f009-9079-4bdb-8799-1600bdd4fce1,2026-06-04T15:56:55.527867Z
pr,2021-08-16,,8,new,2026-07-15T04:12:53.929847+00:00,2450f009-9079-4bdb-8799-1600bdd4fce1,2026-06-04T15:56:55.527867Z
pr,2021-08-23,,10,new,2026-07-15T04:12:53.929847+00:00,2450f009-9079-4bdb-8799-1600bdd4fce1,2026-06-04T15:56:55.527867Z
pr,2021-08-30,,11,new,2026-07-15T04:12:53.929847+00:00,2450f009-9079-4bdb-8799-1600bdd4fce1,2026-06-04T15:56:55.527867Z
pr,2021-09-06,,7,new,2026-07-15T04:12:53.929847+00:00,2450f009-9079-4bdb-8799-1600bdd4fce1,2026-06-04T15:56:55.527867Z
pr,2021-09-13,,12,new,2026-07-15T04:12:53.929847+00:00,2450f009-9079-4bdb-8799-1600bdd4fce1,2026-06-04T15:56:55.527867Z
pr,2021-09-20,,10,new,2026-07-15T04:12:53.929847+00:00,2450f009-9079-4bdb-8799-1600bdd4fce1,2026-06-04T15:56:55.527867Z
pr,2021-09-27,,9,new,2026-07-15T04:12:53.929847+00:00,2450f009-9079-4bdb-8799-1600bdd4fce1,2026-06-04T15:56:55.527867Z
pr,2021-10-04,,9,new,2026-07-15T04:12:53.929847+00:00,2450f009-9079-4bdb-8799-1600bdd4fce1,2026-06-04T15:56:55.527867Z
pr,2021-10-11,,17,new,2026-07-15T04:12:53.929847+00:00,2450f009-9079-4bdb-8799-1600bdd4fce1,2026-06-04T15:56:55.527867Z
pr,2021-10-18,,7,new,2026-07-15T04:12:53.929847+00:00,2450f009-9079-4bdb-8799-1600bdd4fce1,2026-06-04T15:56:55.527867Z
pr,2021-10-25,,8,new,2026-07-15T04:12:53.929847+00:00,2450f009-9079-4bdb-8799-1600bdd4fce1,2026-06-04T15:56:55.527867Z
pr,2021-11-01,,7,new,2026-07-15T04:12:53.929847+00:00,2450f009-9079-4bdb-8799-1600bdd4fce1,2026-06-04T15:56:55.527867Z
pr,2021-11-08,,12,new,2026-07-15T04:12:53.929847+00:00,2450f009-9079-4bdb-8799-1600bdd4fce1,2026-06-04T15:56:55.527867Z
pr,2021-11-15,,5,new,2026-07-15T04:12:53.929847+00:00,2450f009-9079-4bdb-8799-1600bdd4fce1,2026-06-04T15:56:55.527867Z
pr,2021-11-22,,18,new,2026-07-15T04:12:53.929847+00:00,2450f009-9079-4bdb-8799-1600bdd4fce1,2026-06-04T15:56:55.527867Z
pr,2021-11-29,,9,new,2026-07-15T04:12:53.929847+00:00,2450f009-9079-4bdb-8799-1600bdd4fce1,2026-06-04T15:56:55.527867Z
pr,2021-12-06,,10,new,2026-07-15T04:12:53.929847+00:00,2450f009-9079-4bdb-8799-1600bdd4fce1,2026-06-04T15:56:55.527867Z
pr,2021-12-13,,15,new,2026-07-15T04:12:53.929847+00:00,2450f009-9079-4bdb-8799-1600bdd4fce1,2026-06-04T15:56:55.527867Z
pr,2021-12-20,,6,new,2026-07-15T04:12:53.929847+00:00,2450f009-9079-4bdb-8799-1600bdd4fce1,2026-06-04T15:56:55.527867Z
pr,2021-12-27,,4,new,2026-07-15T04:12:53.929847+00:00,2450f009-9079-4bdb-8799-1600bdd4fce1,2026-06-04T15:56:55.527867Z
pr,2022-01-03,,9,new,2026-07-15T04:12:53.929847+00:00,2450f009-9079-4bdb-8799-1600bdd4fce1,2026-06-04T15:56:55.527867Z
pr,2022-01-10,,14,new,2026-07-15T04:12:53.929847+00:00,2450f009-9079-4bdb-8799-1600bdd4fce1,2026-06-04T15:56:55.527867Z
pr,2022-01-17,,13,new,2026-07-15T04:12:53.929847+00:00,2450f009-9079-4bdb-8799-1600bdd4fce1,2026-06-04T15:56:55.527867Z
pr,2022-01-24,,3,new,2026-07-15T04:12:53.929847+00:00,2450f009-9079-4bdb-8799-1600bdd4fce1,2026-06-04T15:56:55.527867Z
pr,2022-01-31,,10,new,2026-07-15T04:12:53.929847+00:00,2450f009-9079-4bdb-8799-1600bdd4fce1,2026-06-04T15:56:55.527867Z
pr,2022-02-07,,7,new,2026-07-15T04:12:53.929847+00:00,2450f009-9079-4bdb-8799-1600bdd4fce1,2026-06-04T15:56:55.527867Z
pr,2022-02-14,,6,new,2026-07-15T04:12:53.929847+00:00,2450f009-9079-4bdb-8799-1600bdd4fce1,2026-06-04T15:56:55.527867Z
pr,2022-02-21,,7,new,2026-07-15T04:12:53.929847+00:00,2450f009-9079-4bdb-8799-1600bdd4fce1,2026-06-04T15:56:55.527867Z
pr,2022-02-28,,10,new,2026-07-15T04:12:53.929847+00:00,2450f009-9079-4bdb-8799-1600bdd4fce1,2026-06-04T15:56:55.527867Z
pr,2022-03-07,,5,new,2026-07-15T04:12:53.929847+00:00,2450f009-9079-4bdb-8799-1600bdd4fce1,2026-06-04T15:56:55.527867Z
pr,2022-03-14,,12,new,2026-07-15T04:12:53.929847+00:00,2450f009-9079-4bdb-8799-1600bdd4fce1,2026-06-04T15:56:55.527867Z
pr,2022-03-21,,9,new,2026-07-15T04:12:53.929847+00:00,2450f009-9079-4bdb-8799-1600bdd4fce1,2026-06-04T15:56:55.527867Z
pr,2022-03-28,,4,new,2026-07-15T04:12:53.929847+00:00,2450f009-9079-4bdb-8799-1600bdd4fce1,2026-06-04T15:56:55.527867Z
pr,2022-04-04,,5,new,2026-07-15T04:12:53.929847+00:00,2450f009-9079-4bdb-8799-1600bdd4fce1,2026-06-04T15:56:55.527867Z
pr,2022-04-11,,4,new,2026-07-15T04:12:53.929847+00:00,2450f009-9079-4bdb-8799-1600bdd4fce1,2026-06-04T15:56:55.527867Z
pr,2022-04-18,,11,new,2026-07-15T04:12:53.929847+00:00,2450f009-9079-4bdb-8799-1600bdd4fce1,2026-06-04T15:56:55.527867Z
pr,2022-04-25,,7,new,2026-07-15T04:12:53.929847+00:00,2450f009-9079-4bdb-8799-1600bdd4fce1,2026-06-04T15:56:55.527867Z
pr,2022-05-02,,2,new,2026-07-15T04:12:53.929847+00:00,2450f009-9079-4bdb-8799-1600bdd4fce1,2026-06-04T15:56:55.527867Z
pr,2022-05-09,,7,new,2026-07-15T04:12:53.929847+00:00,2450f009-9079-4bdb-8799-1600bdd4fce1,2026-06-04T15:56:55.527867Z
pr,2022-05-16,,6,new,2026-07-15T04:12:53.929847+00:00,2450f009-9079-4bdb-8799-1600bdd4fce1,2026-06-04T15:56:55.527867Z
pr,2022-05-23,,7,new,2026-07-15T04:12:53.929847+00:00,2450f009-9079-4bdb-8799-1600bdd4fce1,2026-06-04T15:56:55.527867Z
pr,2022-05-30,,3,new,2026-07-15T04:12:53.929847+00:00,2450f009-9079-4bdb-8799-1600bdd4fce1,2026-06-04T15:56:55.527867Z
pr,2022-06-06,,4,new,2026-07-15T04:12:53.929847+00:00,2450f009-9079-4bdb-8799-1600bdd4fce1,2026-06-04T15:56:55.527867Z
pr,2022-06-13,,3,new,2026-07-15T04:12:53.929847+00:00,2450f009-9079-4bdb-8799-1600bdd4fce1,2026-06-04T15:56:55.527867Z
pr,2022-06-20,,2,new,2026-07-15T04:12:53.929847+00:00,2450f009-9079-4bdb-8799-1600bdd4fce1,2026-06-04T15:56:55.527867Z
pr,2022-06-27,,4,new,2026-07-15T04:12:53.929847+00:00,2450f009-9079-4bdb-8799-1600bdd4fce1,2026-06-04T15:56:55.527867Z
pr,2022-07-04,,6,new,2026-07-15T04:12:53.929847+00:00,2450f009-9079-4bdb-8799-1600bdd4fce1,2026-06-04T15:56:55.527867Z
pr,2022-07-11,,5,new,2026-07-15T04:12:53.929847+00:00,2450f009-9079-4bdb-8799-1600bdd4fce1,2026-06-04T15:56:55.527867Z
pr,2022-07-18,,10,new,2026-07-15T04:12:53.929847+00:00,2450f009-9079-4bdb-8799-1600bdd4fce1,2026-06-04T15:56:55.527867Z
pr,2022-07-25,,5,new,2026-07-15T04:12:53.929847+00:00,2450f009-9079-4bdb-8799-1600bdd4fce1,2026-06-04T15:56:55.527867Z
pr,2022-08-01,,9,new,2026-07-15T04:12:53.929847+00:00,2450f009-9079-4bdb-8799-1600bdd4fce1,2026-06-04T15:56:55.527867Z
pr,2022-08-08,,11,new,2026-07-15T04:12:53.929847+00:00,2450f009-9079-4bdb-8799-1600bdd4fce1,2026-06-04T15:56:55.527867Z
pr,2022-08-15,,20,new,2026-07-15T04:12:53.929847+00:00,2450f009-9079-4bdb-8799-1600bdd4fce1,2026-06-04T15:56:55.527867Z
pr,2022-08-22,,18,new,2026-07-15T04:12:53.929847+00:00,2450f009-9079-4bdb-8799-1600bdd4fce1,2026-06-04T15:56:55.527867Z
pr,2022-08-29,,21,new,2026-07-15T04:12:53.929847+00:00,2450f009-9079-4bdb-8799-1600bdd4fce1,2026-06-04T15:56:55.527867Z
pr,2022-09-05,,28,new,2026-07-15T04:12:53.929847+00:00,2450f009-9079-4bdb-8799-1600bdd4fce1,2026-06-04T15:56:55.527867Z
pr,2022-09-12,,22,new,2026-07-15T04:12:53.929847+00:00,2450f009-9079-4bdb-8799-1600bdd4fce1,2026-06-04T15:56:55.527867Z
pr,2022-09-19,,33,new,2026-07-15T04:12:53.929847+00:00,2450f009-9079-4bdb-8799-1600bdd4fce1,2026-06-04T15:56:55.527867Z
pr,2022-09-26,,39,new,2026-07-15T04:12:53.929847+00:00,2450f009-9079-4bdb-8799-1600bdd4fce1,2026-06-04T15:56:55.527867Z
pr,2022-10-03,,48,new,2026-07-15T04:12:53.929847+00:00,2450f009-9079-4bdb-8799-1600bdd4fce1,2026-06-04T15:56:55.527867Z
pr,2022-10-10,,46,new,2026-07-15T04:12:53.929847+00:00,2450f009-9079-4bdb-8799-1600bdd4fce1,2026-06-04T15:56:55.527867Z
pr,2022-10-17,,48,new,2026-07-15T04:12:53.929847+00:00,2450f009-9079-4bdb-8799-1600bdd4fce1,2026-06-04T15:56:55.527867Z
pr,2022-10-24,,52,new,2026-07-15T04:12:53.929847+00:00,2450f009-9079-4bdb-8799-1600bdd4fce1,2026-06-04T15:56:55.527867Z
pr,2022-10-31,,51,new,2026-07-15T04:12:53.929847+00:00,2450f009-9079-4bdb-8799-1600bdd4fce1,2026-06-04T15:56:55.527867Z
pr,2022-11-07,,69,new,2026-07-15T04:12:53.929847+00:00,2450f009-9079-4bdb-8799-1600bdd4fce1,2026-06-04T15:56:55.527867Z
pr,2022-11-14,,59,new,2026-07-15T04:12:53.929847+00:00,2450f009-9079-4bdb-8799-1600bdd4fce1,2026-06-04T15:56:55.527867Z
pr,2022-11-21,,66,new,2026-07-15T04:12:53.929847+00:00,2450f009-9079-4bdb-8799-1600bdd4fce1,2026-06-04T15:56:55.527867Z
pr,2022-11-28,,70,new,2026-07-15T04:12:53.929847+00:00,2450f009-9079-4bdb-8799-1600bdd4fce1,2026-06-04T15:56:55.527867Z
pr,2022-12-05,,62,new,2026-07-15T04:12:53.929847+00:00,2450f009-9079-4bdb-8799-1600bdd4fce1,2026-06-04T15:56:55.527867Z
pr,2022-12-12,,42,new,2026-07-15T04:12:53.929847+00:00,2450f009-9079-4bdb-8799-1600bdd4fce1,2026-06-04T15:56:55.527867Z
pr,2022-12-19,,40,new,2026-07-15T04:12:53.929847+00:00,2450f009-9079-4bdb-8799-1600bdd4fce1,2026-06-04T15:56:55.527867Z
pr,2022-12-26,,31,new,2026-07-15T04:12:53.929847+00:00,2450f009-9079-4bdb-8799-1600bdd4fce1,2026-06-04T15:56:55.527867Z
pr,2023-01-02,,28,new,2026-07-15T04:12:53.929847+00:00,2450f009-9079-4bdb-8799-1600bdd4fce1,2026-06-04T15:56:55.527867Z
pr,2023-01-09,,36,new,2026-07-15T04:12:53.929847+00:00,2450f009-9079-4bdb-8799-1600bdd4fce1,2026-06-04T15:56:55.527867Z
pr,2023-01-16,,27,new,2026-07-15T04:12:53.929847+00:00,2450f009-9079-4bdb-8799-1600bdd4fce1,2026-06-04T15:56:55.527867Z
pr,2023-01-23,,25,new,2026-07-15T04:12:53.929847+00:00,2450f009-9079-4bdb-8799-1600bdd4fce1,2026-06-04T15:56:55.527867Z
pr,2023-01-30,,25,new,2026-07-15T04:12:53.929847+00:00,2450f009-9079-4bdb-8799-1600bdd4fce1,2026-06-04T15:56:55.527867Z
pr,2023-02-06,,24,new,2026-07-15T04:12:53.929847+00:00,2450f009-9079-4bdb-8799-1600bdd4fce1,2026-06-04T15:56:55.527867Z
pr,2023-02-13,,16,new,2026-07-15T04:12:53.929847+00:00,2450f009-9079-4bdb-8799-1600bdd4fce1,2026-06-04T15:56:55.527867Z
pr,2023-02-20,,22,new,2026-07-15T04:12:53.929847+00:00,2450f009-9079-4bdb-8799-1600bdd4fce1,2026-06-04T15:56:55.527867Z
pr,2023-02-27,,15,new,2026-07-15T04:12:53.929847+00:00,2450f009-9079-4bdb-8799-1600bdd4fce1,2026-06-04T15:56:55.527867Z
pr,2023-03-06,,11,new,2026-07-15T04:12:53.929847+00:00,2450f009-9079-4bdb-8799-1600bdd4fce1,2026-06-04T15:56:55.527867Z
pr,2023-03-13,,14,new,2026-07-15T04:12:53.929847+00:00,2450f009-9079-4bdb-8799-1600bdd4fce1,2026-06-04T15:56:55.527867Z
pr,2023-03-20,,14,new,2026-07-15T04:12:53.929847+00:00,2450f009-9079-4bdb-8799-1600bdd4fce1,2026-06-04T15:56:55.527867Z
pr,2023-03-27,,12,new,2026-07-15T04:12:53.929847+00:00,2450f009-9079-4bdb-8799-1600bdd4fce1,2026-06-04T15:56:55.527867Z
pr,2023-04-03,,10,new,2026-07-15T04:12:53.929847+00:00,2450f009-9079-4bdb-8799-1600bdd4fce1,2026-06-04T15:56:55.527867Z
pr,2023-04-10,,6,new,2026-07-15T04:12:53.929847+00:00,2450f009-9079-4bdb-8799-1600bdd4fce1,2026-06-04T15:56:55.527867Z
pr,2023-04-17,,5,new,2026-07-15T04:12:53.929847+00:00,2450f009-9079-4bdb-8799-1600bdd4fce1,2026-06-04T15:56:55.527867Z
pr,2023-04-24,,5,new,2026-07-15T04:12:53.929847+00:00,2450f009-9079-4bdb-8799-1600bdd4fce1,2026-06-04T15:56:55.527867Z
pr,2023-05-01,,7,new,2026-07-15T04:12:53.929847+00:00,2450f009-9079-4bdb-8799-1600bdd4fce1,2026-06-04T15:56:55.527867Z
pr,2023-05-08,,5,new,2026-07-15T04:12:53.929847+00:00,2450f009-9079-4bdb-8799-1600bdd4fce1,2026-06-04T15:56:55.527867Z
pr,2023-05-15,,7,new,2026-07-15T04:12:53.929847+00:00,2450f009-9079-4bdb-8799-1600bdd4fce1,2026-06-04T15:56:55.527867Z
pr,2023-05-22,,11,new,2026-07-15T04:12:53.929847+00:00,2450f009-9079-4bdb-8799-1600bdd4fce1,2026-06-04T15:56:55.527867Z
pr,2023-05-29,,8,new,2026-07-15T04:12:53.929847+00:00,2450f009-9079-4bdb-8799-1600bdd4fce1,2026-06-04T15:56:55.527867Z
pr,2023-06-05,,13,new,2026-07-15T04:12:53.929847+00:00,2450f009-9079-4bdb-8799-1600bdd4fce1,2026-06-04T15:56:55.527867Z
pr,2023-06-12,,14,new,2026-07-15T04:12:53.929847+00:00,2450f009-9079-4bdb-8799-1600bdd4fce1,2026-06-04T15:56:55.527867Z
pr,2023-06-19,,9,new,2026-07-15T04:12:53.929847+00:00,2450f009-9079-4bdb-8799-1600bdd4fce1,2026-06-04T15:56:55.527867Z
pr,2023-06-26,,4,new,2026-07-15T04:12:53.929847+00:00,2450f009-9079-4bdb-8799-1600bdd4fce1,2026-06-04T15:56:55.527867Z
pr,2023-07-03,,5,new,2026-07-15T04:12:53.929847+00:00,2450f009-9079-4bdb-8799-1600bdd4fce1,2026-06-04T15:56:55.527867Z
pr,2023-07-10,,15,new,2026-07-15T04:12:53.929847+00:00,2450f009-9079-4bdb-8799-1600bdd4fce1,2026-06-04T15:56:55.527867Z
pr,2023-07-17,,17,new,2026-07-15T04:12:53.929847+00:00,2450f009-9079-4bdb-8799-1600bdd4fce1,2026-06-04T15:56:55.527867Z
pr,2023-07-24,,21,new,2026-07-15T04:12:53.929847+00:00,2450f009-9079-4bdb-8799-1600bdd4fce1,2026-06-04T15:56:55.527867Z
pr,2023-07-31,,37,new,2026-07-15T04:12:53.929847+00:00,2450f009-9079-4bdb-8799-1600bdd4fce1,2026-06-04T15:56:55.527867Z
pr,2023-08-07,,34,new,2026-07-15T04:12:53.929847+00:00,2450f009-9079-4bdb-8799-1600bdd4fce1,2026-06-04T15:56:55.527867Z
pr,2023-08-14,,16,new,2026-07-15T04:12:53.929847+00:00,2450f009-9079-4bdb-8799-1600bdd4fce1,2026-06-04T15:56:55.527867Z
pr,2023-08-21,,17,new,2026-07-15T04:12:53.929847+00:00,2450f009-9079-4bdb-8799-1600bdd4fce1,2026-06-04T15:56:55.527867Z
pr,2023-08-28,,24,new,2026-07-15T04:12:53.929847+00:00,2450f009-9079-4bdb-8799-1600bdd4fce1,2026-06-04T15:56:55.527867Z
pr,2023-09-04,,43,new,2026-07-15T04:12:53.929847+00:00,2450f009-9079-4bdb-8799-1600bdd4fce1,2026-06-04T15:56:55.527867Z
pr,2023-09-11,,44,new,2026-07-15T04:12:53.929847+00:00,2450f009-9079-4bdb-8799-1600bdd4fce1,2026-06-04T15:56:55.527867Z
pr,2023-09-18,,31,new,2026-07-15T04:12:53.929847+00:00,2450f009-9079-4bdb-8799-1600bdd4fce1,2026-06-04T15:56:55.527867Z
pr,2023-09-25,,36,new,2026-07-15T04:12:53.929847+00:00,2450f009-9079-4bdb-8799-1600bdd4fce1,2026-06-04T15:56:55.527867Z
pr,2023-10-02,,28,new,2026-07-15T04:12:53.929847+00:00,2450f009-9079-4bdb-8799-1600bdd4fce1,2026-06-04T15:56:55.527867Z
pr,2023-10-09,,38,new,2026-07-15T04:12:53.929847+00:00,2450f009-9079-4bdb-8799-1600bdd4fce1,2026-06-04T15:56:55.527867Z
pr,2023-10-16,,34,new,2026-07-15T04:12:53.929847+00:00,2450f009-9079-4bdb-8799-1600bdd4fce1,2026-06-04T15:56:55.527867Z
pr,2023-10-23,,35,new,2026-07-15T04:12:53.929847+00:00,2450f009-9079-4bdb-8799-1600bdd4fce1,2026-06-04T15:56:55.527867Z
pr,2023-10-30,,39,new,2026-07-15T04:12:53.929847+00:00,2450f009-9079-4bdb-8799-1600bdd4fce1,2026-06-04T15:56:55.527867Z
pr,2023-11-06,,43,new,2026-07-15T04:12:53.929847+00:00,2450f009-9079-4bdb-8799-1600bdd4fce1,2026-06-04T15:56:55.527867Z
pr,2023-11-13,,49,new,2026-07-15T04:12:53.929847+00:00,2450f009-9079-4bdb-8799-1600bdd4fce1,2026-06-04T15:56:55.527867Z
pr,2023-11-20,,50,new,2026-07-15T04:12:53.929847+00:00,2450f009-9079-4bdb-8799-1600bdd4fce1,2026-06-04T15:56:55.527867Z
pr,2023-11-27,,44,new,2026-07-15T04:12:53.929847+00:00,2450f009-9079-4bdb-8799-1600bdd4fce1,2026-06-04T15:56:55.527867Z
pr,2023-12-04,,57,new,2026-07-15T04:12:53.929847+00:00,2450f009-9079-4bdb-8799-1600bdd4fce1,2026-06-04T15:56:55.527867Z
pr,2023-12-11,,50,new,2026-07-15T04:12:53.929847+00:00,2450f009-9079-4bdb-8799-1600bdd4fce1,2026-06-04T15:56:55.527867Z
pr,2023-12-18,,61,new,2026-07-15T04:12:53.929847+00:00,2450f009-9079-4bdb-8799-1600bdd4fce1,2026-06-04T15:56:55.527867Z
pr,2023-12-25,,46,new,2026-07-15T04:12:53.929847+00:00,2450f009-9079-4bdb-8799-1600bdd4fce1,2026-06-04T15:56:55.527867Z
pr,2024-01-01,,52,new,2026-07-15T04:12:53.929847+00:00,2450f009-9079-4bdb-8799-1600bdd4fce1,2026-06-04T15:56:55.527867Z
pr,2024-01-08,,45,new,2026-07-15T04:12:53.929847+00:00,2450f009-9079-4bdb-8799-1600bdd4fce1,2026-06-04T15:56:55.527867Z
pr,2024-01-15,,58,new,2026-07-15T04:12:53.929847+00:00,2450f009-9079-4bdb-8799-1600bdd4fce1,2026-06-04T15:56:55.527867Z
pr,2024-01-22,,63,new,2026-07-15T04:12:53.929847+00:00,2450f009-9079-4bdb-8799-1600bdd4fce1,2026-06-04T15:56:55.527867Z
pr,2024-01-29,,67,new,2026-07-15T04:12:53.929847+00:00,2450f009-9079-4bdb-8799-1600bdd4fce1,2026-06-04T15:56:55.527867Z
pr,2024-02-05,,55,new,2026-07-15T04:12:53.929847+00:00,2450f009-9079-4bdb-8799-1600bdd4fce1,2026-06-04T15:56:55.527867Z
pr,2024-02-12,,47,new,2026-07-15T04:12:53.929847+00:00,2450f009-9079-4bdb-8799-1600bdd4fce1,2026-06-04T15:56:55.527867Z
pr,2024-02-19,,53,new,2026-07-15T04:12:53.929847+00:00,2450f009-9079-4bdb-8799-1600bdd4fce1,2026-06-04T15:56:55.527867Z
pr,2024-02-26,,69,new,2026-07-15T04:12:53.929847+00:00,2450f009-9079-4bdb-8799-1600bdd4fce1,2026-06-04T15:56:55.527867Z
pr,2024-03-04,,62,new,2026-07-15T04:12:53.929847+00:00,2450f009-9079-4bdb-8799-1600bdd4fce1,2026-06-04T15:56:55.527867Z
pr,2024-03-11,,53,new,2026-07-15T04:12:53.929847+00:00,2450f009-9079-4bdb-8799-1600bdd4fce1,2026-06-04T15:56:55.527867Z
pr,2024-03-18,,43,new,2026-07-15T04:12:53.929847+00:00,2450f009-9079-4bdb-8799-1600bdd4fce1,2026-06-04T15:56:55.527867Z
pr,2024-03-25,,65,new,2026-07-15T04:12:53.929847+00:00,2450f009-9079-4bdb-8799-1600bdd4fce1,2026-06-04T15:56:55.527867Z
pr,2024-04-01,,78,new,2026-07-15T04:12:53.929847+00:00,2450f009-9079-4bdb-8799-1600bdd4fce1,2026-06-04T15:56:55.527867Z
pr,2024-04-08,,66,new,2026-07-15T04:12:53.929847+00:00,2450f009-9079-4bdb-8799-1600bdd4fce1,2026-06-04T15:56:55.527867Z
pr,2024-04-15,,65,new,2026-07-15T04:12:53.929847+00:00,2450f009-9079-4bdb-8799-1600bdd4fce1,2026-06-04T15:56:55.527867Z
pr,2024-04-22,,58,new,2026-07-15T04:12:53.929847+00:00,2450f009-9079-4bdb-8799-1600bdd4fce1,2026-06-04T15:56:55.527867Z
pr,2024-04-29,,74,new,2026-07-15T04:12:53.929847+00:00,2450f009-9079-4bdb-8799-1600bdd4fce1,2026-06-04T15:56:55.527867Z
pr,2024-05-06,,68,new,2026-07-15T04:12:53.929847+00:00,2450f009-9079-4bdb-8799-1600bdd4fce1,2026-06-04T15:56:55.527867Z
pr,2024-05-13,,83,new,2026-07-15T04:12:53.929847+00:00,2450f009-9079-4bdb-8799-1600bdd4fce1,2026-06-04T15:56:55.527867Z
pr,2024-05-20,,106,new,2026-07-15T04:12:53.929847+00:00,2450f009-9079-4bdb-8799-1600bdd4fce1,2026-06-04T15:56:55.527867Z
pr,2024-05-27,,124,new,2026-07-15T04:12:53.929847+00:00,2450f009-9079-4bdb-8799-1600bdd4fce1,2026-06-04T15:56:55.527867Z
pr,2024-06-03,,95,new,2026-07-15T04:12:53.929847+00:00,2450f009-9079-4bdb-8799-1600bdd4fce1,2026-06-04T15:56:55.527867Z
pr,2024-06-10,,87,new,2026-07-15T04:12:53.929847+00:00,2450f009-9079-4bdb-8799-1600bdd4fce1,2026-06-04T15:56:55.527867Z
pr,2024-06-17,,117,new,2026-07-15T04:12:53.929847+00:00,2450f009-9079-4bdb-8799-1600bdd4fce1,2026-06-04T15:56:55.527867Z
pr,2024-06-24,,119,new,2026-07-15T04:12:53.929847+00:00,2450f009-9079-4bdb-8799-1600bdd4fce1,2026-06-04T15:56:55.527867Z
pr,2024-07-01,,144,new,2026-07-15T04:12:53.929847+00:00,2450f009-9079-4bdb-8799-1600bdd4fce1,2026-06-04T15:56:55.527867Z
pr,2024-07-08,,127,new,2026-07-15T04:12:53.929847+00:00,2450f009-9079-4bdb-8799-1600bdd4fce1,2026-06-04T15:56:55.527867Z
pr,2024-07-15,,165,new,2026-07-15T04:12:53.929847+00:00,2450f009-9079-4bdb-8799-1600bdd4fce1,2026-06-04T15:56:55.527867Z
pr,2024-07-22,,153,new,2026-07-15T04:12:53.929847+00:00,2450f009-9079-4bdb-8799-1600bdd4fce1,2026-06-04T15:56:55.527867Z
pr,2024-07-29,,147,new,2026-07-15T04:12:53.929847+00:00,2450f009-9079-4bdb-8799-1600bdd4fce1,2026-06-04T15:56:55.527867Z
pr,2024-08-05,,129,new,2026-07-15T04:12:53.929847+00:00,2450f009-9079-4bdb-8799-1600bdd4fce1,2026-06-04T15:56:55.527867Z
pr,2024-08-12,,157,new,2026-07-15T04:12:53.929847+00:00,2450f009-9079-4bdb-8799-1600bdd4fce1,2026-06-04T15:56:55.527867Z
pr,2024-08-19,,163,new,2026-07-15T04:12:53.929847+00:00,2450f009-9079-4bdb-8799-1600bdd4fce1,2026-06-04T15:56:55.527867Z
pr,2024-08-26,,141,new,2026-07-15T04:12:53.929847+00:00,2450f009-9079-4bdb-8799-1600bdd4fce1,2026-06-04T15:56:55.527867Z
pr,2024-09-02,,147,new,2026-07-15T04:12:53.929847+00:00,2450f009-9079-4bdb-8799-1600bdd4fce1,2026-06-04T15:56:55.527867Z
pr,2024-09-09,,177,new,2026-07-15T04:12:53.929847+00:00,2450f009-9079-4bdb-8799-1600bdd4fce1,2026-06-04T15:56:55.527867Z
pr,2024-09-16,,178,new,2026-07-15T04:12:53.929847+00:00,2450f009-9079-4bdb-8799-1600bdd4fce1,2026-06-04T15:56:55.527867Z
pr,2024-09-23,,204,new,2026-07-15T04:12:53.929847+00:00,2450f009-9079-4bdb-8799-1600bdd4fce1,2026-06-04T15:56:55.527867Z
pr,2024-09-30,,214,new,2026-07-15T04:12:53.929847+00:00,2450f009-9079-4bdb-8799-1600bdd4fce1,2026-06-04T15:56:55.527867Z
pr,2024-10-07,,191,new,2026-07-15T04:12:53.929847+00:00,2450f009-9079-4bdb-8799-1600bdd4fce1,2026-06-04T15:56:55.527867Z
pr,2024-10-14,,187,new,2026-07-15T04:12:53.929847+00:00,2450f009-9079-4bdb-8799-1600bdd4fce1,2026-06-04T15:56:55.527867Z
pr,2024-10-21,,170,new,2026-07-15T04:12:53.929847+00:00,2450f009-9079-4bdb-8799-1600bdd4fce1,2026-06-04T15:56:55.527867Z
pr,2024-10-28,,172,new,2026-07-15T04:12:53.929847+00:00,2450f009-9079-4bdb-8799-1600bdd4fce1,2026-06-04T15:56:55.527867Z
pr,2024-11-04,,141,new,2026-07-15T04:12:53.929847+00:00,2450f009-9079-4bdb-8799-1600bdd4fce1,2026-06-04T15:56:55.527867Z
pr,2024-11-11,,156,new,2026-07-15T04:12:53.929847+00:00,2450f009-9079-4bdb-8799-1600bdd4fce1,2026-06-04T15:56:55.527867Z
pr,2024-11-18,,126,new,2026-07-15T04:12:53.929847+00:00,2450f009-9079-4bdb-8799-1600bdd4fce1,2026-06-04T15:56:55.527867Z
pr,2024-11-25,,161,new,2026-07-15T04:12:53.929847+00:00,2450f009-9079-4bdb-8799-1600bdd4fce1,2026-06-04T15:56:55.527867Z
pr,2024-12-02,,170,new,2026-07-15T04:12:53.929847+00:00,2450f009-9079-4bdb-8799-1600bdd4fce1,2026-06-04T15:56:55.527867Z
pr,2024-12-09,,152,new,2026-07-15T04:12:53.929847+00:00,2450f009-9079-4bdb-8799-1600bdd4fce1,2026-06-04T15:56:55.527867Z
pr,2024-12-16,,156,new,2026-07-15T04:12:53.929847+00:00,2450f009-9079-4bdb-8799-1600bdd4fce1,2026-06-04T15:56:55.527867Z
pr,2024-12-23,,128,new,2026-07-15T04:12:53.929847+00:00,2450f009-9079-4bdb-8799-1600bdd4fce1,2026-06-04T15:56:55.527867Z
pr,2024-12-30,,125,new,2026-07-15T04:12:53.929847+00:00,2450f009-9079-4bdb-8799-1600bdd4fce1,2026-06-04T15:56:55.527867Z
pr,2025-01-06,,120,new,2026-07-15T04:12:53.929847+00:00,2450f009-9079-4bdb-8799-1600bdd4fce1,2026-06-04T15:56:55.527867Z
pr,2025-01-13,,131,new,2026-07-15T04:12:53.929847+00:00,2450f009-9079-4bdb-8799-1600bdd4fce1,2026-06-04T15:56:55.527867Z
pr,2025-01-20,,133,new,2026-07-15T04:12:53.929847+00:00,2450f009-9079-4bdb-8799-1600bdd4fce1,2026-06-04T15:56:55.527867Z
pr,2025-01-27,,129,new,2026-07-15T04:12:53.929847+00:00,2450f009-9079-4bdb-8799-1600bdd4fce1,2026-06-04T15:56:55.527867Z
pr,2025-02-03,,104,new,2026-07-15T04:12:53.929847+00:00,2450f009-9079-4bdb-8799-1600bdd4fce1,2026-06-04T15:56:55.527867Z
pr,2025-02-10,,92,new,2026-07-15T04:12:53.929847+00:00,2450f009-9079-4bdb-8799-1600bdd4fce1,2026-06-04T15:56:55.527867Z
pr,2025-02-17,,92,new,2026-07-15T04:12:53.929847+00:00,2450f009-9079-4bdb-8799-1600bdd4fce1,2026-06-04T15:56:55.527867Z
pr,2025-02-24,,89,new,2026-07-15T04:12:53.929847+00:00,2450f009-9079-4bdb-8799-1600bdd4fce1,2026-06-04T15:56:55.527867Z
pr,2025-03-03,,76,new,2026-07-15T04:12:53.929847+00:00,2450f009-9079-4bdb-8799-1600bdd4fce1,2026-06-04T15:56:55.527867Z
pr,2025-03-10,,68,new,2026-07-15T04:12:53.929847+00:00,2450f009-9079-4bdb-8799-1600bdd4fce1,2026-06-04T15:56:55.527867Z
pr,2025-03-17,,72,new,2026-07-15T04:12:53.929847+00:00,2450f009-9079-4bdb-8799-1600bdd4fce1,2026-06-04T15:56:55.527867Z
pr,2025-03-24,,45,new,2026-07-15T04:12:53.929847+00:00,2450f009-9079-4bdb-8799-1600bdd4fce1,2026-06-04T15:56:55.527867Z
pr,2025-03-31,,57,new,2026-07-15T04:12:53.929847+00:00,2450f009-9079-4bdb-8799-1600bdd4fce1,2026-06-04T15:56:55.527867Z
pr,2025-04-07,,47,new,2026-07-15T04:12:53.929847+00:00,2450f009-9079-4bdb-8799-1600bdd4fce1,2026-06-04T15:56:55.527867Z
pr,2025-04-14,,48,new,2026-07-15T04:12:53.929847+00:00,2450f009-9079-4bdb-8799-1600bdd4fce1,2026-06-04T15:56:55.527867Z
pr,2025-04-21,,45,new,2026-07-15T04:12:53.929847+00:00,2450f009-9079-4bdb-8799-1600bdd4fce1,2026-06-04T15:56:55.527867Z
pr,2025-04-28,,46,new,2026-07-15T04:12:53.929847+00:00,2450f009-9079-4bdb-8799-1600bdd4fce1,2026-06-04T15:56:55.527867Z
pr,2025-05-05,,41,new,2026-07-15T04:12:53.929847+00:00,2450f009-9079-4bdb-8799-1600bdd4fce1,2026-06-04T15:56:55.527867Z
pr,2025-05-12,,50,new,2026-07-15T04:12:53.929847+00:00,2450f009-9079-4bdb-8799-1600bdd4fce1,2026-06-04T15:56:55.527867Z
pr,2025-05-19,,41,new,2026-07-15T04:12:53.929847+00:00,2450f009-9079-4bdb-8799-1600bdd4fce1,2026-06-04T15:56:55.527867Z
pr,2025-05-26,,44,new,2026-07-15T04:12:53.929847+00:00,2450f009-9079-4bdb-8799-1600bdd4fce1,2026-06-04T15:56:55.527867Z
pr,2025-06-02,,44,new,2026-07-15T04:12:53.929847+00:00,2450f009-9079-4bdb-8799-1600bdd4fce1,2026-06-04T15:56:55.527867Z
pr,2025-06-09,,70,new,2026-07-15T04:12:53.929847+00:00,2450f009-9079-4bdb-8799-1600bdd4fce1,2026-06-04T15:56:55.527867Z
pr,2025-06-16,,63,new,2026-07-15T04:12:53.929847+00:00,2450f009-9079-4bdb-8799-1600bdd4fce1,2026-06-04T15:56:55.527867Z
pr,2025-06-23,,46,new,2026-07-15T04:12:53.929847+00:00,2450f009-9079-4bdb-8799-1600bdd4fce1,2026-06-04T15:56:55.527867Z
pr,2025-06-30,,52,new,2026-07-15T04:12:53.929847+00:00,2450f009-9079-4bdb-8799-1600bdd4fce1,2026-06-04T15:56:55.527867Z
pr,2025-07-07,,54,new,2026-07-15T04:12:53.929847+00:00,2450f009-9079-4bdb-8799-1600bdd4fce1,2026-06-04T15:56:55.527867Z
pr,2025-07-14,,58,new,2026-07-15T04:12:53.929847+00:00,2450f009-9079-4bdb-8799-1600bdd4fce1,2026-06-04T15:56:55.527867Z
pr,2025-07-21,,42,new,2026-07-15T04:12:53.929847+00:00,2450f009-9079-4bdb-8799-1600bdd4fce1,2026-06-04T15:56:55.527867Z
pr,2025-07-28,,38,new,2026-07-15T04:12:53.929847+00:00,2450f009-9079-4bdb-8799-1600bdd4fce1,2026-06-04T15:56:55.527867Z
pr,2025-08-04,,56,new,2026-07-15T04:12:53.929847+00:00,2450f009-9079-4bdb-8799-1600bdd4fce1,2026-06-04T15:56:55.527867Z
pr,2025-08-11,,46,new,2026-07-15T04:12:53.929847+00:00,2450f009-9079-4bdb-8799-1600bdd4fce1,2026-06-04T15:56:55.527867Z
pr,2025-08-18,,43,new,2026-07-15T04:12:53.929847+00:00,2450f009-9079-4bdb-8799-1600bdd4fce1,2026-06-04T15:56:55.527867Z
pr,2025-08-25,,43,new,2026-07-15T04:12:53.929847+00:00,2450f009-9079-4bdb-8799-1600bdd4fce1,2026-06-04T15:56:55.527867Z
pr,2025-09-01,,43,new,2026-07-15T04:12:53.929847+00:00,2450f009-9079-4bdb-8799-1600bdd4fce1,2026-06-04T15:56:55.527867Z
pr,2025-09-08,,40,new,2026-07-15T04:12:53.929847+00:00,2450f009-9079-4bdb-8799-1600bdd4fce1,2026-06-04T15:56:55.527867Z
pr,2025-09-15,,43,new,2026-07-15T04:12:53.929847+00:00,2450f009-9079-4bdb-8799-1600bdd4fce1,2026-06-04T15:56:55.527867Z
pr,2025-09-22,,32,new,2026-07-15T04:12:53.929847+00:00,2450f009-9079-4bdb-8799-1600bdd4fce1,2026-06-04T15:56:55.527867Z
pr,2025-09-29,,52,new,2026-07-15T04:12:53.929847+00:00,2450f009-9079-4bdb-8799-1600bdd4fce1,2026-06-04T15:56:55.527867Z
pr,2025-10-06,,69,new,2026-07-15T04:12:53.929847+00:00,2450f009-9079-4bdb-8799-1600bdd4fce1,2026-06-04T15:56:55.527867Z
pr,2025-10-13,,75,new,2026-07-15T04:12:53.929847+00:00,2450f009-9079-4bdb-8799-1600bdd4fce1,2026-06-04T15:56:55.527867Z
pr,2025-10-20,,55,new,2026-07-15T04:12:53.929847+00:00,2450f009-9079-4bdb-8799-1600bdd4fce1,2026-06-04T15:56:55.527867Z
pr,2025-10-27,,51,new,2026-07-15T04:12:53.929847+00:00,2450f009-9079-4bdb-8799-1600bdd4fce1,2026-06-04T15:56:55.527867Z
pr,2025-11-03,,52,new,2026-07-15T04:12:53.929847+00:00,2450f009-9079-4bdb-8799-1600bdd4fce1,2026-06-04T15:56:55.527867Z
pr,2025-11-10,,54,new,2026-07-15T04:12:53.929847+00:00,2450f009-9079-4bdb-8799-1600bdd4fce1,2026-06-04T15:56:55.527867Z
pr,2025-11-17,,70,new,2026-07-15T04:12:53.929847+00:00,2450f009-9079-4bdb-8799-1600bdd4fce1,2026-06-04T15:56:55.527867Z
pr,2025-11-24,,51,new,2026-07-15T04:12:53.929847+00:00,2450f009-9079-4bdb-8799-1600bdd4fce1,2026-06-04T15:56:55.527867Z
pr,2025-12-01,,48,new,2026-07-15T04:12:53.929847+00:00,2450f009-9079-4bdb-8799-1600bdd4fce1,2026-06-04T15:56:55.527867Z
pr,2025-12-08,,55,new,2026-07-15T04:12:53.929847+00:00,2450f009-9079-4bdb-8799-1600bdd4fce1,2026-06-04T15:56:55.527867Z
pr,2025-12-15,,43,new,2026-07-15T04:12:53.929847+00:00,2450f009-9079-4bdb-8799-1600bdd4fce1,2026-06-04T15:56:55.527867Z
pr,2025-12-22,,31,new,2026-07-15T04:12:53.929847+00:00,2450f009-9079-4bdb-8799-1600bdd4fce1,2026-06-04T15:56:55.527867Z
pr,2025-12-29,,29,new,2026-07-15T04:12:53.929847+00:00,2450f009-9079-4bdb-8799-1600bdd4fce1,2026-06-04T15:56:55.527867Z
pr,2026-01-05,,60,new,2026-07-15T04:12:53.929847+00:00,2450f009-9079-4bdb-8799-1600bdd4fce1,2026-06-04T15:56:55.527867Z
pr,2026-01-12,,57,new,2026-07-15T04:12:53.929847+00:00,2450f009-9079-4bdb-8799-1600bdd4fce1,2026-06-04T15:56:55.527867Z
pr,2026-01-19,,31,new,2026-07-15T04:12:53.929847+00:00,2450f009-9079-4bdb-8799-1600bdd4fce1,2026-06-04T15:56:55.527867Z
pr,2026-01-26,,46,new,2026-07-15T04:12:53.929847+00:00,2450f009-9079-4bdb-8799-1600bdd4fce1,2026-06-04T15:56:55.527867Z
pr,2026-02-02,,41,new,2026-07-15T04:12:53.929847+00:00,2450f009-9079-4bdb-8799-1600bdd4fce1,2026-06-04T15:56:55.527867Z
pr,2026-02-09,,26,new,2026-07-15T04:12:53.929847+00:00,2450f009-9079-4bdb-8799-1600bdd4fce1,2026-06-04T15:56:55.527867Z
pr,2026-02-16,,22,new,2026-07-15T04:12:53.929847+00:00,2450f009-9079-4bdb-8799-1600bdd4fce1,2026-06-04T15:56:55.527867Z
pr,2026-02-23,,24,new,2026-07-15T04:12:53.929847+00:00,2450f009-9079-4bdb-8799-1600bdd4fce1,2026-06-04T15:56:55.527867Z
pr,2026-03-02,,22,new,2026-07-15T04:12:53.929847+00:00,2450f009-9079-4bdb-8799-1600bdd4fce1,2026-06-04T15:56:55.527867Z
pr,2026-03-09,,30,new,2026-07-15T04:12:53.929847+00:00,2450f009-9079-4bdb-8799-1600bdd4fce1,2026-06-04T15:56:55.527867Z
pr,2026-03-16,,27,new,2026-07-15T04:12:53.929847+00:00,2450f009-9079-4bdb-8799-1600bdd4fce1,2026-06-04T15:56:55.527867Z
pr,2026-03-23,,28,new,2026-07-15T04:12:53.929847+00:00,2450f009-9079-4bdb-8799-1600bdd4fce1,2026-06-04T15:56:55.527867Z
pr,2026-03-30,,17,new,2026-07-15T04:12:53.929847+00:00,2450f009-9079-4bdb-8799-1600bdd4fce1,2026-06-04T15:56:55.527867Z
pr,2026-04-06,,21,new,2026-07-15T04:12:53.929847+00:00,2450f009-9079-4bdb-8799-1600bdd4fce1,2026-06-04T15:56:55.527867Z
pr,2026-04-13,,22,new,2026-07-15T04:12:53.929847+00:00,2450f009-9079-4bdb-8799-1600bdd4fce1,2026-06-04T15:56:55.527867Z
pr,2026-04-20,,16,new,2026-07-15T04:12:53.929847+00:00,2450f009-9079-4bdb-8799-1600bdd4fce1,2026-06-04T15:56:55.527867Z
pr,2026-04-27,,23,new,2026-07-15T04:12:53.929847+00:00,2450f009-9079-4bdb-8799-1600bdd4fce1,2026-06-04T15:56:55.527867Z
pr,2026-05-04,,19,new,2026-07-15T04:12:53.929847+00:00,2450f009-9079-4bdb-8799-1600bdd4fce1,2026-06-04T15:56:55.527867Z
pr,2026-05-11,,18,new,2026-07-15T04:12:53.929847+00:00,2450f009-9079-4bdb-8799-1600bdd4fce1,2026-06-04T15:56:55.527867Z
pr,2026-05-18,,11,new,2026-07-15T04:12:53.929847+00:00,2450f009-9079-4bdb-8799-1600bdd4fce1,2026-06-04T15:56:55.527867Z
