geography,week_start_date,total_cases,pcr_cases,igm_cases,hospitalized_cases,complete_week,source_file_id,source_publication_date,retrieved_at_utc,source_page
pr,2019-01-07,1,1,0,1,True,2450f009-9079-4bdb-8799-1600bdd4fce1,2026-06-04T15:56:55.527867Z,2026-07-18T15:41:28.688988+00:00,https://datos.salud.pr.gov
pr,2019-01-14,1,0,1,0,True,2450f009-9079-4bdb-8799-1600bdd4fce1,2026-06-04T15:56:55.527867Z,2026-07-18T15:41:28.688988+00:00,https://datos.salud.pr.gov
pr,2019-01-21,1,0,1,0,True,2450f009-9079-4bdb-8799-1600bdd4fce1,2026-06-04T15:56:55.527867Z,2026-07-18T15:41:28.688988+00:00,https://datos.salud.pr.gov
pr,2019-01-28,0,0,0,0,True,2450f009-9079-4bdb-8799-1600bdd4fce1,2026-06-04T15:56:55.527867Z,2026-07-18T15:41:28.688988+00:00,https://datos.salud.pr.gov
pr,2019-02-04,0,0,0,0,True,2450f009-9079-4bdb-8799-1600bdd4fce1,2026-06-04T15:56:55.527867Z,2026-07-18T15:41:28.688988+00:00,https://datos.salud.pr.gov
pr,2019-02-11,0,0,0,0,True,2450f009-9079-4bdb-8799-1600bdd4fce1,2026-06-04T15:56:55.527867Z,2026-07-18T15:41:28.688988+00:00,https://datos.salud.pr.gov
pr,2019-02-18,2,1,1,0,True,2450f009-9079-4bdb-8799-1600bdd4fce1,2026-06-04T15:56:55.527867Z,2026-07-18T15:41:28.688988+00:00,https://datos.salud.pr.gov
pr,2019-02-25,0,0,0,0,True,2450f009-9079-4bdb-8799-1600bdd4fce1,2026-06-04T15:56:55.527867Z,2026-07-18T15:41:28.688988+00:00,https://datos.salud.pr.gov
pr,2019-03-04,0,0,0,0,True,2450f009-9079-4bdb-8799-1600bdd4fce1,2026-06-04T15:56:55.527867Z,2026-07-18T15:41:28.688988+00:00,https://datos.salud.pr.gov
pr,2019-03-11,0,0,0,0,True,2450f009-9079-4bdb-8799-1600bdd4fce1,2026-06-04T15:56:55.527867Z,2026-07-18T15:41:28.688988+00:00,https://datos.salud.pr.gov
pr,2019-03-18,0,0,0,0,True,2450f009-9079-4bdb-8799-1600bdd4fce1,2026-06-04T15:56:55.527867Z,2026-07-18T15:41:28.688988+00:00,https://datos.salud.pr.gov
pr,2019-03-25,1,0,1,0,True,2450f009-9079-4bdb-8799-1600bdd4fce1,2026-06-04T15:56:55.527867Z,2026-07-18T15:41:28.688988+00:00,https://datos.salud.pr.gov
pr,2019-04-01,0,0,0,0,True,2450f009-9079-4bdb-8799-1600bdd4fce1,2026-06-04T15:56:55.527867Z,2026-07-18T15:41:28.688988+00:00,https://datos.salud.pr.gov
pr,2019-04-08,0,0,0,0,True,2450f009-9079-4bdb-8799-1600bdd4fce1,2026-06-04T15:56:55.527867Z,2026-07-18T15:41:28.688988+00:00,https://datos.salud.pr.gov
pr,2019-04-15,0,0,0,0,True,2450f009-9079-4bdb-8799-1600bdd4fce1,2026-06-04T15:56:55.527867Z,2026-07-18T15:41:28.688988+00:00,https://datos.salud.pr.gov
pr,2019-04-22,0,0,0,0,True,2450f009-9079-4bdb-8799-1600bdd4fce1,2026-06-04T15:56:55.527867Z,2026-07-18T15:41:28.688988+00:00,https://datos.salud.pr.gov
pr,2019-04-29,0,0,0,0,True,2450f009-9079-4bdb-8799-1600bdd4fce1,2026-06-04T15:56:55.527867Z,2026-07-18T15:41:28.688988+00:00,https://datos.salud.pr.gov
pr,2019-05-06,1,0,1,1,True,2450f009-9079-4bdb-8799-1600bdd4fce1,2026-06-04T15:56:55.527867Z,2026-07-18T15:41:28.688988+00:00,https://datos.salud.pr.gov
pr,2019-05-13,1,0,1,0,True,2450f009-9079-4bdb-8799-1600bdd4fce1,2026-06-04T15:56:55.527867Z,2026-07-18T15:41:28.688988+00:00,https://datos.salud.pr.gov
pr,2019-05-20,1,0,1,0,True,2450f009-9079-4bdb-8799-1600bdd4fce1,2026-06-04T15:56:55.527867Z,2026-07-18T15:41:28.688988+00:00,https://datos.salud.pr.gov
pr,2019-05-27,0,0,0,0,True,2450f009-9079-4bdb-8799-1600bdd4fce1,2026-06-04T15:56:55.527867Z,2026-07-18T15:41:28.688988+00:00,https://datos.salud.pr.gov
pr,2019-06-03,0,0,0,0,True,2450f009-9079-4bdb-8799-1600bdd4fce1,2026-06-04T15:56:55.527867Z,2026-07-18T15:41:28.688988+00:00,https://datos.salud.pr.gov
pr,2019-06-10,0,0,0,0,True,2450f009-9079-4bdb-8799-1600bdd4fce1,2026-06-04T15:56:55.527867Z,2026-07-18T15:41:28.688988+00:00,https://datos.salud.pr.gov
pr,2019-06-17,1,0,1,0,True,2450f009-9079-4bdb-8799-1600bdd4fce1,2026-06-04T15:56:55.527867Z,2026-07-18T15:41:28.688988+00:00,https://datos.salud.pr.gov
pr,2019-06-24,0,0,0,0,True,2450f009-9079-4bdb-8799-1600bdd4fce1,2026-06-04T15:56:55.527867Z,2026-07-18T15:41:28.688988+00:00,https://datos.salud.pr.gov
pr,2019-07-01,1,0,1,0,True,2450f009-9079-4bdb-8799-1600bdd4fce1,2026-06-04T15:56:55.527867Z,2026-07-18T15:41:28.688988+00:00,https://datos.salud.pr.gov
pr,2019-07-08,1,0,1,0,True,2450f009-9079-4bdb-8799-1600bdd4fce1,2026-06-04T15:56:55.527867Z,2026-07-18T15:41:28.688988+00:00,https://datos.salud.pr.gov
pr,2019-07-15,1,1,0,1,True,2450f009-9079-4bdb-8799-1600bdd4fce1,2026-06-04T15:56:55.527867Z,2026-07-18T15:41:28.688988+00:00,https://datos.salud.pr.gov
pr,2019-07-22,0,0,0,0,True,2450f009-9079-4bdb-8799-1600bdd4fce1,2026-06-04T15:56:55.527867Z,2026-07-18T15:41:28.688988+00:00,https://datos.salud.pr.gov
pr,2019-07-29,1,1,0,0,True,2450f009-9079-4bdb-8799-1600bdd4fce1,2026-06-04T15:56:55.527867Z,2026-07-18T15:41:28.688988+00:00,https://datos.salud.pr.gov
pr,2019-08-05,1,1,0,0,True,2450f009-9079-4bdb-8799-1600bdd4fce1,2026-06-04T15:56:55.527867Z,2026-07-18T15:41:28.688988+00:00,https://datos.salud.pr.gov
pr,2019-08-12,0,0,0,0,True,2450f009-9079-4bdb-8799-1600bdd4fce1,2026-06-04T15:56:55.527867Z,2026-07-18T15:41:28.688988+00:00,https://datos.salud.pr.gov
pr,2019-08-19,1,1,0,1,True,2450f009-9079-4bdb-8799-1600bdd4fce1,2026-06-04T15:56:55.527867Z,2026-07-18T15:41:28.688988+00:00,https://datos.salud.pr.gov
pr,2019-08-26,1,1,0,1,True,2450f009-9079-4bdb-8799-1600bdd4fce1,2026-06-04T15:56:55.527867Z,2026-07-18T15:41:28.688988+00:00,https://datos.salud.pr.gov
pr,2019-09-02,3,3,0,1,True,2450f009-9079-4bdb-8799-1600bdd4fce1,2026-06-04T15:56:55.527867Z,2026-07-18T15:41:28.688988+00:00,https://datos.salud.pr.gov
pr,2019-09-09,2,1,1,1,True,2450f009-9079-4bdb-8799-1600bdd4fce1,2026-06-04T15:56:55.527867Z,2026-07-18T15:41:28.688988+00:00,https://datos.salud.pr.gov
pr,2019-09-16,1,1,0,0,True,2450f009-9079-4bdb-8799-1600bdd4fce1,2026-06-04T15:56:55.527867Z,2026-07-18T15:41:28.688988+00:00,https://datos.salud.pr.gov
pr,2019-09-23,7,6,1,2,True,2450f009-9079-4bdb-8799-1600bdd4fce1,2026-06-04T15:56:55.527867Z,2026-07-18T15:41:28.688988+00:00,https://datos.salud.pr.gov
pr,2019-09-30,2,2,0,1,True,2450f009-9079-4bdb-8799-1600bdd4fce1,2026-06-04T15:56:55.527867Z,2026-07-18T15:41:28.688988+00:00,https://datos.salud.pr.gov
pr,2019-10-07,4,2,2,1,True,2450f009-9079-4bdb-8799-1600bdd4fce1,2026-06-04T15:56:55.527867Z,2026-07-18T15:41:28.688988+00:00,https://datos.salud.pr.gov
pr,2019-10-14,3,3,0,3,True,2450f009-9079-4bdb-8799-1600bdd4fce1,2026-06-04T15:56:55.527867Z,2026-07-18T15:41:28.688988+00:00,https://datos.salud.pr.gov
pr,2019-10-21,1,0,1,0,True,2450f009-9079-4bdb-8799-1600bdd4fce1,2026-06-04T15:56:55.527867Z,2026-07-18T15:41:28.688988+00:00,https://datos.salud.pr.gov
pr,2019-10-28,2,0,2,1,True,2450f009-9079-4bdb-8799-1600bdd4fce1,2026-06-04T15:56:55.527867Z,2026-07-18T15:41:28.688988+00:00,https://datos.salud.pr.gov
pr,2019-11-04,4,2,2,2,True,2450f009-9079-4bdb-8799-1600bdd4fce1,2026-06-04T15:56:55.527867Z,2026-07-18T15:41:28.688988+00:00,https://datos.salud.pr.gov
pr,2019-11-11,4,4,0,2,True,2450f009-9079-4bdb-8799-1600bdd4fce1,2026-06-04T15:56:55.527867Z,2026-07-18T15:41:28.688988+00:00,https://datos.salud.pr.gov
pr,2019-11-18,3,2,1,1,True,2450f009-9079-4bdb-8799-1600bdd4fce1,2026-06-04T15:56:55.527867Z,2026-07-18T15:41:28.688988+00:00,https://datos.salud.pr.gov
pr,2019-11-25,4,4,0,0,True,2450f009-9079-4bdb-8799-1600bdd4fce1,2026-06-04T15:56:55.527867Z,2026-07-18T15:41:28.688988+00:00,https://datos.salud.pr.gov
pr,2019-12-02,10,9,1,5,True,2450f009-9079-4bdb-8799-1600bdd4fce1,2026-06-04T15:56:55.527867Z,2026-07-18T15:41:28.688988+00:00,https://datos.salud.pr.gov
pr,2019-12-09,11,8,3,6,True,2450f009-9079-4bdb-8799-1600bdd4fce1,2026-06-04T15:56:55.527867Z,2026-07-18T15:41:28.688988+00:00,https://datos.salud.pr.gov
pr,2019-12-16,7,7,0,3,True,2450f009-9079-4bdb-8799-1600bdd4fce1,2026-06-04T15:56:55.527867Z,2026-07-18T15:41:28.688988+00:00,https://datos.salud.pr.gov
pr,2019-12-23,15,14,1,6,True,2450f009-9079-4bdb-8799-1600bdd4fce1,2026-06-04T15:56:55.527867Z,2026-07-18T15:41:28.688988+00:00,https://datos.salud.pr.gov
pr,2019-12-30,11,11,0,5,True,2450f009-9079-4bdb-8799-1600bdd4fce1,2026-06-04T15:56:55.527867Z,2026-07-18T15:41:28.688988+00:00,https://datos.salud.pr.gov
pr,2020-01-06,12,10,2,7,True,2450f009-9079-4bdb-8799-1600bdd4fce1,2026-06-04T15:56:55.527867Z,2026-07-18T15:41:28.688988+00:00,https://datos.salud.pr.gov
pr,2020-01-13,20,18,2,8,True,2450f009-9079-4bdb-8799-1600bdd4fce1,2026-06-04T15:56:55.527867Z,2026-07-18T15:41:28.688988+00:00,https://datos.salud.pr.gov
pr,2020-01-20,20,17,3,8,True,2450f009-9079-4bdb-8799-1600bdd4fce1,2026-06-04T15:56:55.527867Z,2026-07-18T15:41:28.688988+00:00,https://datos.salud.pr.gov
pr,2020-01-27,24,22,2,8,True,2450f009-9079-4bdb-8799-1600bdd4fce1,2026-06-04T15:56:55.527867Z,2026-07-18T15:41:28.688988+00:00,https://datos.salud.pr.gov
pr,2020-02-03,20,20,0,3,True,2450f009-9079-4bdb-8799-1600bdd4fce1,2026-06-04T15:56:55.527867Z,2026-07-18T15:41:28.688988+00:00,https://datos.salud.pr.gov
pr,2020-02-10,23,21,2,11,True,2450f009-9079-4bdb-8799-1600bdd4fce1,2026-06-04T15:56:55.527867Z,2026-07-18T15:41:28.688988+00:00,https://datos.salud.pr.gov
pr,2020-02-17,24,22,2,2,True,2450f009-9079-4bdb-8799-1600bdd4fce1,2026-06-04T15:56:55.527867Z,2026-07-18T15:41:28.688988+00:00,https://datos.salud.pr.gov
pr,2020-02-24,19,19,0,6,True,2450f009-9079-4bdb-8799-1600bdd4fce1,2026-06-04T15:56:55.527867Z,2026-07-18T15:41:28.688988+00:00,https://datos.salud.pr.gov
pr,2020-03-02,13,11,2,6,True,2450f009-9079-4bdb-8799-1600bdd4fce1,2026-06-04T15:56:55.527867Z,2026-07-18T15:41:28.688988+00:00,https://datos.salud.pr.gov
pr,2020-03-09,8,7,1,1,True,2450f009-9079-4bdb-8799-1600bdd4fce1,2026-06-04T15:56:55.527867Z,2026-07-18T15:41:28.688988+00:00,https://datos.salud.pr.gov
pr,2020-03-16,8,7,1,4,True,2450f009-9079-4bdb-8799-1600bdd4fce1,2026-06-04T15:56:55.527867Z,2026-07-18T15:41:28.688988+00:00,https://datos.salud.pr.gov
pr,2020-03-23,7,7,0,3,True,2450f009-9079-4bdb-8799-1600bdd4fce1,2026-06-04T15:56:55.527867Z,2026-07-18T15:41:28.688988+00:00,https://datos.salud.pr.gov
pr,2020-03-30,9,8,1,4,True,2450f009-9079-4bdb-8799-1600bdd4fce1,2026-06-04T15:56:55.527867Z,2026-07-18T15:41:28.688988+00:00,https://datos.salud.pr.gov
pr,2020-04-06,11,10,1,5,True,2450f009-9079-4bdb-8799-1600bdd4fce1,2026-06-04T15:56:55.527867Z,2026-07-18T15:41:28.688988+00:00,https://datos.salud.pr.gov
pr,2020-04-13,16,14,2,5,True,2450f009-9079-4bdb-8799-1600bdd4fce1,2026-06-04T15:56:55.527867Z,2026-07-18T15:41:28.688988+00:00,https://datos.salud.pr.gov
pr,2020-04-20,18,15,3,4,True,2450f009-9079-4bdb-8799-1600bdd4fce1,2026-06-04T15:56:55.527867Z,2026-07-18T15:41:28.688988+00:00,https://datos.salud.pr.gov
pr,2020-04-27,12,8,4,6,True,2450f009-9079-4bdb-8799-1600bdd4fce1,2026-06-04T15:56:55.527867Z,2026-07-18T15:41:28.688988+00:00,https://datos.salud.pr.gov
pr,2020-05-04,19,15,4,8,True,2450f009-9079-4bdb-8799-1600bdd4fce1,2026-06-04T15:56:55.527867Z,2026-07-18T15:41:28.688988+00:00,https://datos.salud.pr.gov
pr,2020-05-11,13,12,1,1,True,2450f009-9079-4bdb-8799-1600bdd4fce1,2026-06-04T15:56:55.527867Z,2026-07-18T15:41:28.688988+00:00,https://datos.salud.pr.gov
pr,2020-05-18,9,9,0,2,True,2450f009-9079-4bdb-8799-1600bdd4fce1,2026-06-04T15:56:55.527867Z,2026-07-18T15:41:28.688988+00:00,https://datos.salud.pr.gov
pr,2020-05-25,11,10,1,1,True,2450f009-9079-4bdb-8799-1600bdd4fce1,2026-06-04T15:56:55.527867Z,2026-07-18T15:41:28.688988+00:00,https://datos.salud.pr.gov
pr,2020-06-01,11,10,1,0,True,2450f009-9079-4bdb-8799-1600bdd4fce1,2026-06-04T15:56:55.527867Z,2026-07-18T15:41:28.688988+00:00,https://datos.salud.pr.gov
pr,2020-06-08,7,6,1,3,True,2450f009-9079-4bdb-8799-1600bdd4fce1,2026-06-04T15:56:55.527867Z,2026-07-18T15:41:28.688988+00:00,https://datos.salud.pr.gov
pr,2020-06-15,13,13,0,4,True,2450f009-9079-4bdb-8799-1600bdd4fce1,2026-06-04T15:56:55.527867Z,2026-07-18T15:41:28.688988+00:00,https://datos.salud.pr.gov
pr,2020-06-22,4,4,0,3,True,2450f009-9079-4bdb-8799-1600bdd4fce1,2026-06-04T15:56:55.527867Z,2026-07-18T15:41:28.688988+00:00,https://datos.salud.pr.gov
pr,2020-06-29,12,9,3,3,True,2450f009-9079-4bdb-8799-1600bdd4fce1,2026-06-04T15:56:55.527867Z,2026-07-18T15:41:28.688988+00:00,https://datos.salud.pr.gov
pr,2020-07-06,7,7,0,3,True,2450f009-9079-4bdb-8799-1600bdd4fce1,2026-06-04T15:56:55.527867Z,2026-07-18T15:41:28.688988+00:00,https://datos.salud.pr.gov
pr,2020-07-13,6,6,0,1,True,2450f009-9079-4bdb-8799-1600bdd4fce1,2026-06-04T15:56:55.527867Z,2026-07-18T15:41:28.688988+00:00,https://datos.salud.pr.gov
pr,2020-07-20,4,4,0,1,True,2450f009-9079-4bdb-8799-1600bdd4fce1,2026-06-04T15:56:55.527867Z,2026-07-18T15:41:28.688988+00:00,https://datos.salud.pr.gov
pr,2020-07-27,10,10,0,6,True,2450f009-9079-4bdb-8799-1600bdd4fce1,2026-06-04T15:56:55.527867Z,2026-07-18T15:41:28.688988+00:00,https://datos.salud.pr.gov
pr,2020-08-03,9,8,1,2,True,2450f009-9079-4bdb-8799-1600bdd4fce1,2026-06-04T15:56:55.527867Z,2026-07-18T15:41:28.688988+00:00,https://datos.salud.pr.gov
pr,2020-08-10,15,12,3,6,True,2450f009-9079-4bdb-8799-1600bdd4fce1,2026-06-04T15:56:55.527867Z,2026-07-18T15:41:28.688988+00:00,https://datos.salud.pr.gov
pr,2020-08-17,13,11,2,8,True,2450f009-9079-4bdb-8799-1600bdd4fce1,2026-06-04T15:56:55.527867Z,2026-07-18T15:41:28.688988+00:00,https://datos.salud.pr.gov
pr,2020-08-24,12,11,1,4,True,2450f009-9079-4bdb-8799-1600bdd4fce1,2026-06-04T15:56:55.527867Z,2026-07-18T15:41:28.688988+00:00,https://datos.salud.pr.gov
pr,2020-08-31,17,17,0,10,True,2450f009-9079-4bdb-8799-1600bdd4fce1,2026-06-04T15:56:55.527867Z,2026-07-18T15:41:28.688988+00:00,https://datos.salud.pr.gov
pr,2020-09-07,16,15,1,8,True,2450f009-9079-4bdb-8799-1600bdd4fce1,2026-06-04T15:56:55.527867Z,2026-07-18T15:41:28.688988+00:00,https://datos.salud.pr.gov
pr,2020-09-14,14,14,0,6,True,2450f009-9079-4bdb-8799-1600bdd4fce1,2026-06-04T15:56:55.527867Z,2026-07-18T15:41:28.688988+00:00,https://datos.salud.pr.gov
pr,2020-09-21,27,24,3,15,True,2450f009-9079-4bdb-8799-1600bdd4fce1,2026-06-04T15:56:55.527867Z,2026-07-18T15:41:28.688988+00:00,https://datos.salud.pr.gov
pr,2020-09-28,25,23,2,9,True,2450f009-9079-4bdb-8799-1600bdd4fce1,2026-06-04T15:56:55.527867Z,2026-07-18T15:41:28.688988+00:00,https://datos.salud.pr.gov
pr,2020-10-05,29,27,2,13,True,2450f009-9079-4bdb-8799-1600bdd4fce1,2026-06-04T15:56:55.527867Z,2026-07-18T15:41:28.688988+00:00,https://datos.salud.pr.gov
pr,2020-10-12,36,34,2,17,True,2450f009-9079-4bdb-8799-1600bdd4fce1,2026-06-04T15:56:55.527867Z,2026-07-18T15:41:28.688988+00:00,https://datos.salud.pr.gov
pr,2020-10-19,36,33,3,21,True,2450f009-9079-4bdb-8799-1600bdd4fce1,2026-06-04T15:56:55.527867Z,2026-07-18T15:41:28.688988+00:00,https://datos.salud.pr.gov
pr,2020-10-26,31,28,3,12,True,2450f009-9079-4bdb-8799-1600bdd4fce1,2026-06-04T15:56:55.527867Z,2026-07-18T15:41:28.688988+00:00,https://datos.salud.pr.gov
pr,2020-11-02,42,35,7,14,True,2450f009-9079-4bdb-8799-1600bdd4fce1,2026-06-04T15:56:55.527867Z,2026-07-18T15:41:28.688988+00:00,https://datos.salud.pr.gov
pr,2020-11-09,39,30,9,13,True,2450f009-9079-4bdb-8799-1600bdd4fce1,2026-06-04T15:56:55.527867Z,2026-07-18T15:41:28.688988+00:00,https://datos.salud.pr.gov
pr,2020-11-16,32,22,10,9,True,2450f009-9079-4bdb-8799-1600bdd4fce1,2026-06-04T15:56:55.527867Z,2026-07-18T15:41:28.688988+00:00,https://datos.salud.pr.gov
pr,2020-11-23,29,24,5,12,True,2450f009-9079-4bdb-8799-1600bdd4fce1,2026-06-04T15:56:55.527867Z,2026-07-18T15:41:28.688988+00:00,https://datos.salud.pr.gov
pr,2020-11-30,32,28,4,17,True,2450f009-9079-4bdb-8799-1600bdd4fce1,2026-06-04T15:56:55.527867Z,2026-07-18T15:41:28.688988+00:00,https://datos.salud.pr.gov
pr,2020-12-07,29,27,2,8,True,2450f009-9079-4bdb-8799-1600bdd4fce1,2026-06-04T15:56:55.527867Z,2026-07-18T15:41:28.688988+00:00,https://datos.salud.pr.gov
pr,2020-12-14,36,34,2,12,True,2450f009-9079-4bdb-8799-1600bdd4fce1,2026-06-04T15:56:55.527867Z,2026-07-18T15:41:28.688988+00:00,https://datos.salud.pr.gov
pr,2020-12-21,35,35,0,13,True,2450f009-9079-4bdb-8799-1600bdd4fce1,2026-06-04T15:56:55.527867Z,2026-07-18T15:41:28.688988+00:00,https://datos.salud.pr.gov
pr,2020-12-28,29,29,0,9,True,2450f009-9079-4bdb-8799-1600bdd4fce1,2026-06-04T15:56:55.527867Z,2026-07-18T15:41:28.688988+00:00,https://datos.salud.pr.gov
pr,2021-01-04,32,31,1,16,True,2450f009-9079-4bdb-8799-1600bdd4fce1,2026-06-04T15:56:55.527867Z,2026-07-18T15:41:28.688988+00:00,https://datos.salud.pr.gov
pr,2021-01-11,23,22,1,7,True,2450f009-9079-4bdb-8799-1600bdd4fce1,2026-06-04T15:56:55.527867Z,2026-07-18T15:41:28.688988+00:00,https://datos.salud.pr.gov
pr,2021-01-18,27,24,3,10,True,2450f009-9079-4bdb-8799-1600bdd4fce1,2026-06-04T15:56:55.527867Z,2026-07-18T15:41:28.688988+00:00,https://datos.salud.pr.gov
pr,2021-01-25,25,20,5,9,True,2450f009-9079-4bdb-8799-1600bdd4fce1,2026-06-04T15:56:55.527867Z,2026-07-18T15:41:28.688988+00:00,https://datos.salud.pr.gov
pr,2021-02-01,23,23,0,9,True,2450f009-9079-4bdb-8799-1600bdd4fce1,2026-06-04T15:56:55.527867Z,2026-07-18T15:41:28.688988+00:00,https://datos.salud.pr.gov
pr,2021-02-08,23,21,2,10,True,2450f009-9079-4bdb-8799-1600bdd4fce1,2026-06-04T15:56:55.527867Z,2026-07-18T15:41:28.688988+00:00,https://datos.salud.pr.gov
pr,2021-02-15,17,16,1,4,True,2450f009-9079-4bdb-8799-1600bdd4fce1,2026-06-04T15:56:55.527867Z,2026-07-18T15:41:28.688988+00:00,https://datos.salud.pr.gov
pr,2021-02-22,16,16,0,8,True,2450f009-9079-4bdb-8799-1600bdd4fce1,2026-06-04T15:56:55.527867Z,2026-07-18T15:41:28.688988+00:00,https://datos.salud.pr.gov
pr,2021-03-01,30,30,0,10,True,2450f009-9079-4bdb-8799-1600bdd4fce1,2026-06-04T15:56:55.527867Z,2026-07-18T15:41:28.688988+00:00,https://datos.salud.pr.gov
pr,2021-03-08,19,19,0,9,True,2450f009-9079-4bdb-8799-1600bdd4fce1,2026-06-04T15:56:55.527867Z,2026-07-18T15:41:28.688988+00:00,https://datos.salud.pr.gov
pr,2021-03-15,9,8,1,2,True,2450f009-9079-4bdb-8799-1600bdd4fce1,2026-06-04T15:56:55.527867Z,2026-07-18T15:41:28.688988+00:00,https://datos.salud.pr.gov
pr,2021-03-22,6,6,0,2,True,2450f009-9079-4bdb-8799-1600bdd4fce1,2026-06-04T15:56:55.527867Z,2026-07-18T15:41:28.688988+00:00,https://datos.salud.pr.gov
pr,2021-03-29,10,9,1,6,True,2450f009-9079-4bdb-8799-1600bdd4fce1,2026-06-04T15:56:55.527867Z,2026-07-18T15:41:28.688988+00:00,https://datos.salud.pr.gov
pr,2021-04-05,6,4,2,2,True,2450f009-9079-4bdb-8799-1600bdd4fce1,2026-06-04T15:56:55.527867Z,2026-07-18T15:41:28.688988+00:00,https://datos.salud.pr.gov
pr,2021-04-12,5,5,0,2,True,2450f009-9079-4bdb-8799-1600bdd4fce1,2026-06-04T15:56:55.527867Z,2026-07-18T15:41:28.688988+00:00,https://datos.salud.pr.gov
pr,2021-04-19,8,8,0,2,True,2450f009-9079-4bdb-8799-1600bdd4fce1,2026-06-04T15:56:55.527867Z,2026-07-18T15:41:28.688988+00:00,https://datos.salud.pr.gov
pr,2021-04-26,9,8,1,5,True,2450f009-9079-4bdb-8799-1600bdd4fce1,2026-06-04T15:56:55.527867Z,2026-07-18T15:41:28.688988+00:00,https://datos.salud.pr.gov
pr,2021-05-03,4,3,1,1,True,2450f009-9079-4bdb-8799-1600bdd4fce1,2026-06-04T15:56:55.527867Z,2026-07-18T15:41:28.688988+00:00,https://datos.salud.pr.gov
pr,2021-05-10,10,9,1,5,True,2450f009-9079-4bdb-8799-1600bdd4fce1,2026-06-04T15:56:55.527867Z,2026-07-18T15:41:28.688988+00:00,https://datos.salud.pr.gov
pr,2021-05-17,13,11,2,7,True,2450f009-9079-4bdb-8799-1600bdd4fce1,2026-06-04T15:56:55.527867Z,2026-07-18T15:41:28.688988+00:00,https://datos.salud.pr.gov
pr,2021-05-24,12,12,0,4,True,2450f009-9079-4bdb-8799-1600bdd4fce1,2026-06-04T15:56:55.527867Z,2026-07-18T15:41:28.688988+00:00,https://datos.salud.pr.gov
pr,2021-05-31,13,12,1,6,True,2450f009-9079-4bdb-8799-1600bdd4fce1,2026-06-04T15:56:55.527867Z,2026-07-18T15:41:28.688988+00:00,https://datos.salud.pr.gov
pr,2021-06-07,7,7,0,3,True,2450f009-9079-4bdb-8799-1600bdd4fce1,2026-06-04T15:56:55.527867Z,2026-07-18T15:41:28.688988+00:00,https://datos.salud.pr.gov
pr,2021-06-14,7,4,3,1,True,2450f009-9079-4bdb-8799-1600bdd4fce1,2026-06-04T15:56:55.527867Z,2026-07-18T15:41:28.688988+00:00,https://datos.salud.pr.gov
pr,2021-06-21,5,5,0,3,True,2450f009-9079-4bdb-8799-1600bdd4fce1,2026-06-04T15:56:55.527867Z,2026-07-18T15:41:28.688988+00:00,https://datos.salud.pr.gov
pr,2021-06-28,13,11,2,7,True,2450f009-9079-4bdb-8799-1600bdd4fce1,2026-06-04T15:56:55.527867Z,2026-07-18T15:41:28.688988+00:00,https://datos.salud.pr.gov
pr,2021-07-05,19,17,2,7,True,2450f009-9079-4bdb-8799-1600bdd4fce1,2026-06-04T15:56:55.527867Z,2026-07-18T15:41:28.688988+00:00,https://datos.salud.pr.gov
pr,2021-07-12,11,9,2,7,True,2450f009-9079-4bdb-8799-1600bdd4fce1,2026-06-04T15:56:55.527867Z,2026-07-18T15:41:28.688988+00:00,https://datos.salud.pr.gov
pr,2021-07-19,10,8,2,4,True,2450f009-9079-4bdb-8799-1600bdd4fce1,2026-06-04T15:56:55.527867Z,2026-07-18T15:41:28.688988+00:00,https://datos.salud.pr.gov
pr,2021-07-26,5,5,0,1,True,2450f009-9079-4bdb-8799-1600bdd4fce1,2026-06-04T15:56:55.527867Z,2026-07-18T15:41:28.688988+00:00,https://datos.salud.pr.gov
pr,2021-08-02,11,8,3,8,True,2450f009-9079-4bdb-8799-1600bdd4fce1,2026-06-04T15:56:55.527867Z,2026-07-18T15:41:28.688988+00:00,https://datos.salud.pr.gov
pr,2021-08-09,15,11,4,4,True,2450f009-9079-4bdb-8799-1600bdd4fce1,2026-06-04T15:56:55.527867Z,2026-07-18T15:41:28.688988+00:00,https://datos.salud.pr.gov
pr,2021-08-16,8,8,0,4,True,2450f009-9079-4bdb-8799-1600bdd4fce1,2026-06-04T15:56:55.527867Z,2026-07-18T15:41:28.688988+00:00,https://datos.salud.pr.gov
pr,2021-08-23,10,8,2,6,True,2450f009-9079-4bdb-8799-1600bdd4fce1,2026-06-04T15:56:55.527867Z,2026-07-18T15:41:28.688988+00:00,https://datos.salud.pr.gov
pr,2021-08-30,11,8,3,8,True,2450f009-9079-4bdb-8799-1600bdd4fce1,2026-06-04T15:56:55.527867Z,2026-07-18T15:41:28.688988+00:00,https://datos.salud.pr.gov
pr,2021-09-06,7,5,2,2,True,2450f009-9079-4bdb-8799-1600bdd4fce1,2026-06-04T15:56:55.527867Z,2026-07-18T15:41:28.688988+00:00,https://datos.salud.pr.gov
pr,2021-09-13,12,10,2,5,True,2450f009-9079-4bdb-8799-1600bdd4fce1,2026-06-04T15:56:55.527867Z,2026-07-18T15:41:28.688988+00:00,https://datos.salud.pr.gov
pr,2021-09-20,10,7,3,6,True,2450f009-9079-4bdb-8799-1600bdd4fce1,2026-06-04T15:56:55.527867Z,2026-07-18T15:41:28.688988+00:00,https://datos.salud.pr.gov
pr,2021-09-27,9,7,2,5,True,2450f009-9079-4bdb-8799-1600bdd4fce1,2026-06-04T15:56:55.527867Z,2026-07-18T15:41:28.688988+00:00,https://datos.salud.pr.gov
pr,2021-10-04,9,8,1,3,True,2450f009-9079-4bdb-8799-1600bdd4fce1,2026-06-04T15:56:55.527867Z,2026-07-18T15:41:28.688988+00:00,https://datos.salud.pr.gov
pr,2021-10-11,17,15,2,8,True,2450f009-9079-4bdb-8799-1600bdd4fce1,2026-06-04T15:56:55.527867Z,2026-07-18T15:41:28.688988+00:00,https://datos.salud.pr.gov
pr,2021-10-18,7,6,1,2,True,2450f009-9079-4bdb-8799-1600bdd4fce1,2026-06-04T15:56:55.527867Z,2026-07-18T15:41:28.688988+00:00,https://datos.salud.pr.gov
pr,2021-10-25,8,8,0,3,True,2450f009-9079-4bdb-8799-1600bdd4fce1,2026-06-04T15:56:55.527867Z,2026-07-18T15:41:28.688988+00:00,https://datos.salud.pr.gov
pr,2021-11-01,7,6,1,5,True,2450f009-9079-4bdb-8799-1600bdd4fce1,2026-06-04T15:56:55.527867Z,2026-07-18T15:41:28.688988+00:00,https://datos.salud.pr.gov
pr,2021-11-08,12,12,0,4,True,2450f009-9079-4bdb-8799-1600bdd4fce1,2026-06-04T15:56:55.527867Z,2026-07-18T15:41:28.688988+00:00,https://datos.salud.pr.gov
pr,2021-11-15,5,4,1,1,True,2450f009-9079-4bdb-8799-1600bdd4fce1,2026-06-04T15:56:55.527867Z,2026-07-18T15:41:28.688988+00:00,https://datos.salud.pr.gov
pr,2021-11-22,18,17,1,7,True,2450f009-9079-4bdb-8799-1600bdd4fce1,2026-06-04T15:56:55.527867Z,2026-07-18T15:41:28.688988+00:00,https://datos.salud.pr.gov
pr,2021-11-29,9,8,1,5,True,2450f009-9079-4bdb-8799-1600bdd4fce1,2026-06-04T15:56:55.527867Z,2026-07-18T15:41:28.688988+00:00,https://datos.salud.pr.gov
pr,2021-12-06,10,10,0,2,True,2450f009-9079-4bdb-8799-1600bdd4fce1,2026-06-04T15:56:55.527867Z,2026-07-18T15:41:28.688988+00:00,https://datos.salud.pr.gov
pr,2021-12-13,15,14,1,4,True,2450f009-9079-4bdb-8799-1600bdd4fce1,2026-06-04T15:56:55.527867Z,2026-07-18T15:41:28.688988+00:00,https://datos.salud.pr.gov
pr,2021-12-20,6,6,0,2,True,2450f009-9079-4bdb-8799-1600bdd4fce1,2026-06-04T15:56:55.527867Z,2026-07-18T15:41:28.688988+00:00,https://datos.salud.pr.gov
pr,2021-12-27,4,3,1,2,True,2450f009-9079-4bdb-8799-1600bdd4fce1,2026-06-04T15:56:55.527867Z,2026-07-18T15:41:28.688988+00:00,https://datos.salud.pr.gov
pr,2022-01-03,9,9,0,3,True,2450f009-9079-4bdb-8799-1600bdd4fce1,2026-06-04T15:56:55.527867Z,2026-07-18T15:41:28.688988+00:00,https://datos.salud.pr.gov
pr,2022-01-10,14,11,3,5,True,2450f009-9079-4bdb-8799-1600bdd4fce1,2026-06-04T15:56:55.527867Z,2026-07-18T15:41:28.688988+00:00,https://datos.salud.pr.gov
pr,2022-01-17,13,11,2,9,True,2450f009-9079-4bdb-8799-1600bdd4fce1,2026-06-04T15:56:55.527867Z,2026-07-18T15:41:28.688988+00:00,https://datos.salud.pr.gov
pr,2022-01-24,3,3,0,0,True,2450f009-9079-4bdb-8799-1600bdd4fce1,2026-06-04T15:56:55.527867Z,2026-07-18T15:41:28.688988+00:00,https://datos.salud.pr.gov
pr,2022-01-31,10,8,2,5,True,2450f009-9079-4bdb-8799-1600bdd4fce1,2026-06-04T15:56:55.527867Z,2026-07-18T15:41:28.688988+00:00,https://datos.salud.pr.gov
pr,2022-02-07,7,7,0,3,True,2450f009-9079-4bdb-8799-1600bdd4fce1,2026-06-04T15:56:55.527867Z,2026-07-18T15:41:28.688988+00:00,https://datos.salud.pr.gov
pr,2022-02-14,6,5,1,1,True,2450f009-9079-4bdb-8799-1600bdd4fce1,2026-06-04T15:56:55.527867Z,2026-07-18T15:41:28.688988+00:00,https://datos.salud.pr.gov
pr,2022-02-21,7,6,1,2,True,2450f009-9079-4bdb-8799-1600bdd4fce1,2026-06-04T15:56:55.527867Z,2026-07-18T15:41:28.688988+00:00,https://datos.salud.pr.gov
pr,2022-02-28,10,7,3,4,True,2450f009-9079-4bdb-8799-1600bdd4fce1,2026-06-04T15:56:55.527867Z,2026-07-18T15:41:28.688988+00:00,https://datos.salud.pr.gov
pr,2022-03-07,5,3,2,5,True,2450f009-9079-4bdb-8799-1600bdd4fce1,2026-06-04T15:56:55.527867Z,2026-07-18T15:41:28.688988+00:00,https://datos.salud.pr.gov
pr,2022-03-14,12,9,3,5,True,2450f009-9079-4bdb-8799-1600bdd4fce1,2026-06-04T15:56:55.527867Z,2026-07-18T15:41:28.688988+00:00,https://datos.salud.pr.gov
pr,2022-03-21,9,6,3,3,True,2450f009-9079-4bdb-8799-1600bdd4fce1,2026-06-04T15:56:55.527867Z,2026-07-18T15:41:28.688988+00:00,https://datos.salud.pr.gov
pr,2022-03-28,4,3,1,2,True,2450f009-9079-4bdb-8799-1600bdd4fce1,2026-06-04T15:56:55.527867Z,2026-07-18T15:41:28.688988+00:00,https://datos.salud.pr.gov
pr,2022-04-04,5,5,0,2,True,2450f009-9079-4bdb-8799-1600bdd4fce1,2026-06-04T15:56:55.527867Z,2026-07-18T15:41:28.688988+00:00,https://datos.salud.pr.gov
pr,2022-04-11,4,3,1,1,True,2450f009-9079-4bdb-8799-1600bdd4fce1,2026-06-04T15:56:55.527867Z,2026-07-18T15:41:28.688988+00:00,https://datos.salud.pr.gov
pr,2022-04-18,11,6,5,4,True,2450f009-9079-4bdb-8799-1600bdd4fce1,2026-06-04T15:56:55.527867Z,2026-07-18T15:41:28.688988+00:00,https://datos.salud.pr.gov
pr,2022-04-25,7,5,2,1,True,2450f009-9079-4bdb-8799-1600bdd4fce1,2026-06-04T15:56:55.527867Z,2026-07-18T15:41:28.688988+00:00,https://datos.salud.pr.gov
pr,2022-05-02,2,2,0,0,True,2450f009-9079-4bdb-8799-1600bdd4fce1,2026-06-04T15:56:55.527867Z,2026-07-18T15:41:28.688988+00:00,https://datos.salud.pr.gov
pr,2022-05-09,7,5,2,3,True,2450f009-9079-4bdb-8799-1600bdd4fce1,2026-06-04T15:56:55.527867Z,2026-07-18T15:41:28.688988+00:00,https://datos.salud.pr.gov
pr,2022-05-16,6,4,2,3,True,2450f009-9079-4bdb-8799-1600bdd4fce1,2026-06-04T15:56:55.527867Z,2026-07-18T15:41:28.688988+00:00,https://datos.salud.pr.gov
pr,2022-05-23,7,3,4,1,True,2450f009-9079-4bdb-8799-1600bdd4fce1,2026-06-04T15:56:55.527867Z,2026-07-18T15:41:28.688988+00:00,https://datos.salud.pr.gov
pr,2022-05-30,3,2,1,1,True,2450f009-9079-4bdb-8799-1600bdd4fce1,2026-06-04T15:56:55.527867Z,2026-07-18T15:41:28.688988+00:00,https://datos.salud.pr.gov
pr,2022-06-06,4,4,0,2,True,2450f009-9079-4bdb-8799-1600bdd4fce1,2026-06-04T15:56:55.527867Z,2026-07-18T15:41:28.688988+00:00,https://datos.salud.pr.gov
pr,2022-06-13,3,3,0,3,True,2450f009-9079-4bdb-8799-1600bdd4fce1,2026-06-04T15:56:55.527867Z,2026-07-18T15:41:28.688988+00:00,https://datos.salud.pr.gov
pr,2022-06-20,2,2,0,1,True,2450f009-9079-4bdb-8799-1600bdd4fce1,2026-06-04T15:56:55.527867Z,2026-07-18T15:41:28.688988+00:00,https://datos.salud.pr.gov
pr,2022-06-27,4,4,0,2,True,2450f009-9079-4bdb-8799-1600bdd4fce1,2026-06-04T15:56:55.527867Z,2026-07-18T15:41:28.688988+00:00,https://datos.salud.pr.gov
pr,2022-07-04,6,4,2,1,True,2450f009-9079-4bdb-8799-1600bdd4fce1,2026-06-04T15:56:55.527867Z,2026-07-18T15:41:28.688988+00:00,https://datos.salud.pr.gov
pr,2022-07-11,5,3,2,1,True,2450f009-9079-4bdb-8799-1600bdd4fce1,2026-06-04T15:56:55.527867Z,2026-07-18T15:41:28.688988+00:00,https://datos.salud.pr.gov
pr,2022-07-18,10,7,3,4,True,2450f009-9079-4bdb-8799-1600bdd4fce1,2026-06-04T15:56:55.527867Z,2026-07-18T15:41:28.688988+00:00,https://datos.salud.pr.gov
pr,2022-07-25,5,5,0,2,True,2450f009-9079-4bdb-8799-1600bdd4fce1,2026-06-04T15:56:55.527867Z,2026-07-18T15:41:28.688988+00:00,https://datos.salud.pr.gov
pr,2022-08-01,9,9,0,6,True,2450f009-9079-4bdb-8799-1600bdd4fce1,2026-06-04T15:56:55.527867Z,2026-07-18T15:41:28.688988+00:00,https://datos.salud.pr.gov
pr,2022-08-08,11,11,0,3,True,2450f009-9079-4bdb-8799-1600bdd4fce1,2026-06-04T15:56:55.527867Z,2026-07-18T15:41:28.688988+00:00,https://datos.salud.pr.gov
pr,2022-08-15,20,16,4,6,True,2450f009-9079-4bdb-8799-1600bdd4fce1,2026-06-04T15:56:55.527867Z,2026-07-18T15:41:28.688988+00:00,https://datos.salud.pr.gov
pr,2022-08-22,18,16,2,11,True,2450f009-9079-4bdb-8799-1600bdd4fce1,2026-06-04T15:56:55.527867Z,2026-07-18T15:41:28.688988+00:00,https://datos.salud.pr.gov
pr,2022-08-29,21,20,1,6,True,2450f009-9079-4bdb-8799-1600bdd4fce1,2026-06-04T15:56:55.527867Z,2026-07-18T15:41:28.688988+00:00,https://datos.salud.pr.gov
pr,2022-09-05,28,28,0,9,True,2450f009-9079-4bdb-8799-1600bdd4fce1,2026-06-04T15:56:55.527867Z,2026-07-18T15:41:28.688988+00:00,https://datos.salud.pr.gov
pr,2022-09-12,22,16,6,5,True,2450f009-9079-4bdb-8799-1600bdd4fce1,2026-06-04T15:56:55.527867Z,2026-07-18T15:41:28.688988+00:00,https://datos.salud.pr.gov
pr,2022-09-19,33,31,2,8,True,2450f009-9079-4bdb-8799-1600bdd4fce1,2026-06-04T15:56:55.527867Z,2026-07-18T15:41:28.688988+00:00,https://datos.salud.pr.gov
pr,2022-09-26,39,37,2,7,True,2450f009-9079-4bdb-8799-1600bdd4fce1,2026-06-04T15:56:55.527867Z,2026-07-18T15:41:28.688988+00:00,https://datos.salud.pr.gov
pr,2022-10-03,48,40,8,20,True,2450f009-9079-4bdb-8799-1600bdd4fce1,2026-06-04T15:56:55.527867Z,2026-07-18T15:41:28.688988+00:00,https://datos.salud.pr.gov
pr,2022-10-10,46,42,4,12,True,2450f009-9079-4bdb-8799-1600bdd4fce1,2026-06-04T15:56:55.527867Z,2026-07-18T15:41:28.688988+00:00,https://datos.salud.pr.gov
pr,2022-10-17,48,39,9,19,True,2450f009-9079-4bdb-8799-1600bdd4fce1,2026-06-04T15:56:55.527867Z,2026-07-18T15:41:28.688988+00:00,https://datos.salud.pr.gov
pr,2022-10-24,52,46,6,24,True,2450f009-9079-4bdb-8799-1600bdd4fce1,2026-06-04T15:56:55.527867Z,2026-07-18T15:41:28.688988+00:00,https://datos.salud.pr.gov
pr,2022-10-31,51,44,7,23,True,2450f009-9079-4bdb-8799-1600bdd4fce1,2026-06-04T15:56:55.527867Z,2026-07-18T15:41:28.688988+00:00,https://datos.salud.pr.gov
pr,2022-11-07,69,61,8,23,True,2450f009-9079-4bdb-8799-1600bdd4fce1,2026-06-04T15:56:55.527867Z,2026-07-18T15:41:28.688988+00:00,https://datos.salud.pr.gov
pr,2022-11-14,59,51,8,24,True,2450f009-9079-4bdb-8799-1600bdd4fce1,2026-06-04T15:56:55.527867Z,2026-07-18T15:41:28.688988+00:00,https://datos.salud.pr.gov
pr,2022-11-21,66,60,6,22,True,2450f009-9079-4bdb-8799-1600bdd4fce1,2026-06-04T15:56:55.527867Z,2026-07-18T15:41:28.688988+00:00,https://datos.salud.pr.gov
pr,2022-11-28,70,65,5,19,True,2450f009-9079-4bdb-8799-1600bdd4fce1,2026-06-04T15:56:55.527867Z,2026-07-18T15:41:28.688988+00:00,https://datos.salud.pr.gov
pr,2022-12-05,62,57,5,28,True,2450f009-9079-4bdb-8799-1600bdd4fce1,2026-06-04T15:56:55.527867Z,2026-07-18T15:41:28.688988+00:00,https://datos.salud.pr.gov
pr,2022-12-12,42,40,2,18,True,2450f009-9079-4bdb-8799-1600bdd4fce1,2026-06-04T15:56:55.527867Z,2026-07-18T15:41:28.688988+00:00,https://datos.salud.pr.gov
pr,2022-12-19,40,39,1,11,True,2450f009-9079-4bdb-8799-1600bdd4fce1,2026-06-04T15:56:55.527867Z,2026-07-18T15:41:28.688988+00:00,https://datos.salud.pr.gov
pr,2022-12-26,31,28,3,12,True,2450f009-9079-4bdb-8799-1600bdd4fce1,2026-06-04T15:56:55.527867Z,2026-07-18T15:41:28.688988+00:00,https://datos.salud.pr.gov
pr,2023-01-02,28,24,4,15,True,2450f009-9079-4bdb-8799-1600bdd4fce1,2026-06-04T15:56:55.527867Z,2026-07-18T15:41:28.688988+00:00,https://datos.salud.pr.gov
pr,2023-01-09,36,31,5,14,True,2450f009-9079-4bdb-8799-1600bdd4fce1,2026-06-04T15:56:55.527867Z,2026-07-18T15:41:28.688988+00:00,https://datos.salud.pr.gov
pr,2023-01-16,27,23,4,9,True,2450f009-9079-4bdb-8799-1600bdd4fce1,2026-06-04T15:56:55.527867Z,2026-07-18T15:41:28.688988+00:00,https://datos.salud.pr.gov
pr,2023-01-23,25,20,5,7,True,2450f009-9079-4bdb-8799-1600bdd4fce1,2026-06-04T15:56:55.527867Z,2026-07-18T15:41:28.688988+00:00,https://datos.salud.pr.gov
pr,2023-01-30,25,18,7,9,True,2450f009-9079-4bdb-8799-1600bdd4fce1,2026-06-04T15:56:55.527867Z,2026-07-18T15:41:28.688988+00:00,https://datos.salud.pr.gov
pr,2023-02-06,24,14,10,10,True,2450f009-9079-4bdb-8799-1600bdd4fce1,2026-06-04T15:56:55.527867Z,2026-07-18T15:41:28.688988+00:00,https://datos.salud.pr.gov
pr,2023-02-13,16,14,2,3,True,2450f009-9079-4bdb-8799-1600bdd4fce1,2026-06-04T15:56:55.527867Z,2026-07-18T15:41:28.688988+00:00,https://datos.salud.pr.gov
pr,2023-02-20,22,21,1,6,True,2450f009-9079-4bdb-8799-1600bdd4fce1,2026-06-04T15:56:55.527867Z,2026-07-18T15:41:28.688988+00:00,https://datos.salud.pr.gov
pr,2023-02-27,15,13,2,6,True,2450f009-9079-4bdb-8799-1600bdd4fce1,2026-06-04T15:56:55.527867Z,2026-07-18T15:41:28.688988+00:00,https://datos.salud.pr.gov
pr,2023-03-06,11,8,3,5,True,2450f009-9079-4bdb-8799-1600bdd4fce1,2026-06-04T15:56:55.527867Z,2026-07-18T15:41:28.688988+00:00,https://datos.salud.pr.gov
pr,2023-03-13,14,13,1,6,True,2450f009-9079-4bdb-8799-1600bdd4fce1,2026-06-04T15:56:55.527867Z,2026-07-18T15:41:28.688988+00:00,https://datos.salud.pr.gov
pr,2023-03-20,14,11,3,5,True,2450f009-9079-4bdb-8799-1600bdd4fce1,2026-06-04T15:56:55.527867Z,2026-07-18T15:41:28.688988+00:00,https://datos.salud.pr.gov
pr,2023-03-27,12,8,4,6,True,2450f009-9079-4bdb-8799-1600bdd4fce1,2026-06-04T15:56:55.527867Z,2026-07-18T15:41:28.688988+00:00,https://datos.salud.pr.gov
pr,2023-04-03,10,6,4,5,True,2450f009-9079-4bdb-8799-1600bdd4fce1,2026-06-04T15:56:55.527867Z,2026-07-18T15:41:28.688988+00:00,https://datos.salud.pr.gov
pr,2023-04-10,6,4,2,0,True,2450f009-9079-4bdb-8799-1600bdd4fce1,2026-06-04T15:56:55.527867Z,2026-07-18T15:41:28.688988+00:00,https://datos.salud.pr.gov
pr,2023-04-17,5,3,2,3,True,2450f009-9079-4bdb-8799-1600bdd4fce1,2026-06-04T15:56:55.527867Z,2026-07-18T15:41:28.688988+00:00,https://datos.salud.pr.gov
pr,2023-04-24,5,4,1,2,True,2450f009-9079-4bdb-8799-1600bdd4fce1,2026-06-04T15:56:55.527867Z,2026-07-18T15:41:28.688988+00:00,https://datos.salud.pr.gov
pr,2023-05-01,7,5,2,2,True,2450f009-9079-4bdb-8799-1600bdd4fce1,2026-06-04T15:56:55.527867Z,2026-07-18T15:41:28.688988+00:00,https://datos.salud.pr.gov
pr,2023-05-08,5,3,2,2,True,2450f009-9079-4bdb-8799-1600bdd4fce1,2026-06-04T15:56:55.527867Z,2026-07-18T15:41:28.688988+00:00,https://datos.salud.pr.gov
pr,2023-05-15,7,4,3,4,True,2450f009-9079-4bdb-8799-1600bdd4fce1,2026-06-04T15:56:55.527867Z,2026-07-18T15:41:28.688988+00:00,https://datos.salud.pr.gov
pr,2023-05-22,11,7,4,1,True,2450f009-9079-4bdb-8799-1600bdd4fce1,2026-06-04T15:56:55.527867Z,2026-07-18T15:41:28.688988+00:00,https://datos.salud.pr.gov
pr,2023-05-29,8,5,3,5,True,2450f009-9079-4bdb-8799-1600bdd4fce1,2026-06-04T15:56:55.527867Z,2026-07-18T15:41:28.688988+00:00,https://datos.salud.pr.gov
pr,2023-06-05,13,10,3,6,True,2450f009-9079-4bdb-8799-1600bdd4fce1,2026-06-04T15:56:55.527867Z,2026-07-18T15:41:28.688988+00:00,https://datos.salud.pr.gov
pr,2023-06-12,14,9,5,3,True,2450f009-9079-4bdb-8799-1600bdd4fce1,2026-06-04T15:56:55.527867Z,2026-07-18T15:41:28.688988+00:00,https://datos.salud.pr.gov
pr,2023-06-19,9,8,1,3,True,2450f009-9079-4bdb-8799-1600bdd4fce1,2026-06-04T15:56:55.527867Z,2026-07-18T15:41:28.688988+00:00,https://datos.salud.pr.gov
pr,2023-06-26,4,3,1,1,True,2450f009-9079-4bdb-8799-1600bdd4fce1,2026-06-04T15:56:55.527867Z,2026-07-18T15:41:28.688988+00:00,https://datos.salud.pr.gov
pr,2023-07-03,5,5,0,3,True,2450f009-9079-4bdb-8799-1600bdd4fce1,2026-06-04T15:56:55.527867Z,2026-07-18T15:41:28.688988+00:00,https://datos.salud.pr.gov
pr,2023-07-10,15,10,5,4,True,2450f009-9079-4bdb-8799-1600bdd4fce1,2026-06-04T15:56:55.527867Z,2026-07-18T15:41:28.688988+00:00,https://datos.salud.pr.gov
pr,2023-07-17,17,9,8,3,True,2450f009-9079-4bdb-8799-1600bdd4fce1,2026-06-04T15:56:55.527867Z,2026-07-18T15:41:28.688988+00:00,https://datos.salud.pr.gov
pr,2023-07-24,21,11,10,8,True,2450f009-9079-4bdb-8799-1600bdd4fce1,2026-06-04T15:56:55.527867Z,2026-07-18T15:41:28.688988+00:00,https://datos.salud.pr.gov
pr,2023-07-31,37,22,15,10,True,2450f009-9079-4bdb-8799-1600bdd4fce1,2026-06-04T15:56:55.527867Z,2026-07-18T15:41:28.688988+00:00,https://datos.salud.pr.gov
pr,2023-08-07,34,16,18,11,True,2450f009-9079-4bdb-8799-1600bdd4fce1,2026-06-04T15:56:55.527867Z,2026-07-18T15:41:28.688988+00:00,https://datos.salud.pr.gov
pr,2023-08-14,16,9,7,5,True,2450f009-9079-4bdb-8799-1600bdd4fce1,2026-06-04T15:56:55.527867Z,2026-07-18T15:41:28.688988+00:00,https://datos.salud.pr.gov
pr,2023-08-21,17,13,4,6,True,2450f009-9079-4bdb-8799-1600bdd4fce1,2026-06-04T15:56:55.527867Z,2026-07-18T15:41:28.688988+00:00,https://datos.salud.pr.gov
pr,2023-08-28,24,14,10,11,True,2450f009-9079-4bdb-8799-1600bdd4fce1,2026-06-04T15:56:55.527867Z,2026-07-18T15:41:28.688988+00:00,https://datos.salud.pr.gov
pr,2023-09-04,43,28,15,22,True,2450f009-9079-4bdb-8799-1600bdd4fce1,2026-06-04T15:56:55.527867Z,2026-07-18T15:41:28.688988+00:00,https://datos.salud.pr.gov
pr,2023-09-11,44,30,14,24,True,2450f009-9079-4bdb-8799-1600bdd4fce1,2026-06-04T15:56:55.527867Z,2026-07-18T15:41:28.688988+00:00,https://datos.salud.pr.gov
pr,2023-09-18,31,23,8,22,True,2450f009-9079-4bdb-8799-1600bdd4fce1,2026-06-04T15:56:55.527867Z,2026-07-18T15:41:28.688988+00:00,https://datos.salud.pr.gov
pr,2023-09-25,36,27,9,25,True,2450f009-9079-4bdb-8799-1600bdd4fce1,2026-06-04T15:56:55.527867Z,2026-07-18T15:41:28.688988+00:00,https://datos.salud.pr.gov
pr,2023-10-02,28,23,5,16,True,2450f009-9079-4bdb-8799-1600bdd4fce1,2026-06-04T15:56:55.527867Z,2026-07-18T15:41:28.688988+00:00,https://datos.salud.pr.gov
pr,2023-10-09,38,32,6,23,True,2450f009-9079-4bdb-8799-1600bdd4fce1,2026-06-04T15:56:55.527867Z,2026-07-18T15:41:28.688988+00:00,https://datos.salud.pr.gov
pr,2023-10-16,34,30,4,19,True,2450f009-9079-4bdb-8799-1600bdd4fce1,2026-06-04T15:56:55.527867Z,2026-07-18T15:41:28.688988+00:00,https://datos.salud.pr.gov
pr,2023-10-23,35,29,6,24,True,2450f009-9079-4bdb-8799-1600bdd4fce1,2026-06-04T15:56:55.527867Z,2026-07-18T15:41:28.688988+00:00,https://datos.salud.pr.gov
pr,2023-10-30,39,34,5,15,True,2450f009-9079-4bdb-8799-1600bdd4fce1,2026-06-04T15:56:55.527867Z,2026-07-18T15:41:28.688988+00:00,https://datos.salud.pr.gov
pr,2023-11-06,43,35,8,27,True,2450f009-9079-4bdb-8799-1600bdd4fce1,2026-06-04T15:56:55.527867Z,2026-07-18T15:41:28.688988+00:00,https://datos.salud.pr.gov
pr,2023-11-13,49,41,8,26,True,2450f009-9079-4bdb-8799-1600bdd4fce1,2026-06-04T15:56:55.527867Z,2026-07-18T15:41:28.688988+00:00,https://datos.salud.pr.gov
pr,2023-11-20,50,38,12,32,True,2450f009-9079-4bdb-8799-1600bdd4fce1,2026-06-04T15:56:55.527867Z,2026-07-18T15:41:28.688988+00:00,https://datos.salud.pr.gov
pr,2023-11-27,44,37,7,29,True,2450f009-9079-4bdb-8799-1600bdd4fce1,2026-06-04T15:56:55.527867Z,2026-07-18T15:41:28.688988+00:00,https://datos.salud.pr.gov
pr,2023-12-04,57,46,11,38,True,2450f009-9079-4bdb-8799-1600bdd4fce1,2026-06-04T15:56:55.527867Z,2026-07-18T15:41:28.688988+00:00,https://datos.salud.pr.gov
pr,2023-12-11,50,38,12,33,True,2450f009-9079-4bdb-8799-1600bdd4fce1,2026-06-04T15:56:55.527867Z,2026-07-18T15:41:28.688988+00:00,https://datos.salud.pr.gov
pr,2023-12-18,61,54,7,42,True,2450f009-9079-4bdb-8799-1600bdd4fce1,2026-06-04T15:56:55.527867Z,2026-07-18T15:41:28.688988+00:00,https://datos.salud.pr.gov
pr,2023-12-25,46,43,3,26,True,2450f009-9079-4bdb-8799-1600bdd4fce1,2026-06-04T15:56:55.527867Z,2026-07-18T15:41:28.688988+00:00,https://datos.salud.pr.gov
pr,2024-01-01,52,44,8,34,True,2450f009-9079-4bdb-8799-1600bdd4fce1,2026-06-04T15:56:55.527867Z,2026-07-18T15:41:28.688988+00:00,https://datos.salud.pr.gov
pr,2024-01-08,45,39,6,32,True,2450f009-9079-4bdb-8799-1600bdd4fce1,2026-06-04T15:56:55.527867Z,2026-07-18T15:41:28.688988+00:00,https://datos.salud.pr.gov
pr,2024-01-15,58,47,11,33,True,2450f009-9079-4bdb-8799-1600bdd4fce1,2026-06-04T15:56:55.527867Z,2026-07-18T15:41:28.688988+00:00,https://datos.salud.pr.gov
pr,2024-01-22,63,55,8,44,True,2450f009-9079-4bdb-8799-1600bdd4fce1,2026-06-04T15:56:55.527867Z,2026-07-18T15:41:28.688988+00:00,https://datos.salud.pr.gov
pr,2024-01-29,67,56,11,45,True,2450f009-9079-4bdb-8799-1600bdd4fce1,2026-06-04T15:56:55.527867Z,2026-07-18T15:41:28.688988+00:00,https://datos.salud.pr.gov
pr,2024-02-05,55,44,11,33,True,2450f009-9079-4bdb-8799-1600bdd4fce1,2026-06-04T15:56:55.527867Z,2026-07-18T15:41:28.688988+00:00,https://datos.salud.pr.gov
pr,2024-02-12,47,36,11,27,True,2450f009-9079-4bdb-8799-1600bdd4fce1,2026-06-04T15:56:55.527867Z,2026-07-18T15:41:28.688988+00:00,https://datos.salud.pr.gov
pr,2024-02-19,53,44,9,40,True,2450f009-9079-4bdb-8799-1600bdd4fce1,2026-06-04T15:56:55.527867Z,2026-07-18T15:41:28.688988+00:00,https://datos.salud.pr.gov
pr,2024-02-26,69,63,6,41,True,2450f009-9079-4bdb-8799-1600bdd4fce1,2026-06-04T15:56:55.527867Z,2026-07-18T15:41:28.688988+00:00,https://datos.salud.pr.gov
pr,2024-03-04,62,58,4,37,True,2450f009-9079-4bdb-8799-1600bdd4fce1,2026-06-04T15:56:55.527867Z,2026-07-18T15:41:28.688988+00:00,https://datos.salud.pr.gov
pr,2024-03-11,53,43,10,31,True,2450f009-9079-4bdb-8799-1600bdd4fce1,2026-06-04T15:56:55.527867Z,2026-07-18T15:41:28.688988+00:00,https://datos.salud.pr.gov
pr,2024-03-18,43,39,4,24,True,2450f009-9079-4bdb-8799-1600bdd4fce1,2026-06-04T15:56:55.527867Z,2026-07-18T15:41:28.688988+00:00,https://datos.salud.pr.gov
pr,2024-03-25,65,57,8,35,True,2450f009-9079-4bdb-8799-1600bdd4fce1,2026-06-04T15:56:55.527867Z,2026-07-18T15:41:28.688988+00:00,https://datos.salud.pr.gov
pr,2024-04-01,78,61,17,40,True,2450f009-9079-4bdb-8799-1600bdd4fce1,2026-06-04T15:56:55.527867Z,2026-07-18T15:41:28.688988+00:00,https://datos.salud.pr.gov
pr,2024-04-08,66,61,5,44,True,2450f009-9079-4bdb-8799-1600bdd4fce1,2026-06-04T15:56:55.527867Z,2026-07-18T15:41:28.688988+00:00,https://datos.salud.pr.gov
pr,2024-04-15,65,50,15,28,True,2450f009-9079-4bdb-8799-1600bdd4fce1,2026-06-04T15:56:55.527867Z,2026-07-18T15:41:28.688988+00:00,https://datos.salud.pr.gov
pr,2024-04-22,58,34,24,26,True,2450f009-9079-4bdb-8799-1600bdd4fce1,2026-06-04T15:56:55.527867Z,2026-07-18T15:41:28.688988+00:00,https://datos.salud.pr.gov
pr,2024-04-29,74,54,20,36,True,2450f009-9079-4bdb-8799-1600bdd4fce1,2026-06-04T15:56:55.527867Z,2026-07-18T15:41:28.688988+00:00,https://datos.salud.pr.gov
pr,2024-05-06,68,55,13,37,True,2450f009-9079-4bdb-8799-1600bdd4fce1,2026-06-04T15:56:55.527867Z,2026-07-18T15:41:28.688988+00:00,https://datos.salud.pr.gov
pr,2024-05-13,83,65,18,48,True,2450f009-9079-4bdb-8799-1600bdd4fce1,2026-06-04T15:56:55.527867Z,2026-07-18T15:41:28.688988+00:00,https://datos.salud.pr.gov
pr,2024-05-20,106,92,14,69,True,2450f009-9079-4bdb-8799-1600bdd4fce1,2026-06-04T15:56:55.527867Z,2026-07-18T15:41:28.688988+00:00,https://datos.salud.pr.gov
pr,2024-05-27,124,113,11,73,True,2450f009-9079-4bdb-8799-1600bdd4fce1,2026-06-04T15:56:55.527867Z,2026-07-18T15:41:28.688988+00:00,https://datos.salud.pr.gov
pr,2024-06-03,95,78,17,60,True,2450f009-9079-4bdb-8799-1600bdd4fce1,2026-06-04T15:56:55.527867Z,2026-07-18T15:41:28.688988+00:00,https://datos.salud.pr.gov
pr,2024-06-10,87,71,16,56,True,2450f009-9079-4bdb-8799-1600bdd4fce1,2026-06-04T15:56:55.527867Z,2026-07-18T15:41:28.688988+00:00,https://datos.salud.pr.gov
pr,2024-06-17,117,92,25,59,True,2450f009-9079-4bdb-8799-1600bdd4fce1,2026-06-04T15:56:55.527867Z,2026-07-18T15:41:28.688988+00:00,https://datos.salud.pr.gov
pr,2024-06-24,119,99,20,62,True,2450f009-9079-4bdb-8799-1600bdd4fce1,2026-06-04T15:56:55.527867Z,2026-07-18T15:41:28.688988+00:00,https://datos.salud.pr.gov
pr,2024-07-01,144,128,16,74,True,2450f009-9079-4bdb-8799-1600bdd4fce1,2026-06-04T15:56:55.527867Z,2026-07-18T15:41:28.688988+00:00,https://datos.salud.pr.gov
pr,2024-07-08,127,115,12,74,True,2450f009-9079-4bdb-8799-1600bdd4fce1,2026-06-04T15:56:55.527867Z,2026-07-18T15:41:28.688988+00:00,https://datos.salud.pr.gov
pr,2024-07-15,165,129,36,88,True,2450f009-9079-4bdb-8799-1600bdd4fce1,2026-06-04T15:56:55.527867Z,2026-07-18T15:41:28.688988+00:00,https://datos.salud.pr.gov
pr,2024-07-22,153,122,31,93,True,2450f009-9079-4bdb-8799-1600bdd4fce1,2026-06-04T15:56:55.527867Z,2026-07-18T15:41:28.688988+00:00,https://datos.salud.pr.gov
pr,2024-07-29,147,122,25,78,True,2450f009-9079-4bdb-8799-1600bdd4fce1,2026-06-04T15:56:55.527867Z,2026-07-18T15:41:28.688988+00:00,https://datos.salud.pr.gov
pr,2024-08-05,129,112,17,78,True,2450f009-9079-4bdb-8799-1600bdd4fce1,2026-06-04T15:56:55.527867Z,2026-07-18T15:41:28.688988+00:00,https://datos.salud.pr.gov
pr,2024-08-12,157,124,33,72,True,2450f009-9079-4bdb-8799-1600bdd4fce1,2026-06-04T15:56:55.527867Z,2026-07-18T15:41:28.688988+00:00,https://datos.salud.pr.gov
pr,2024-08-19,163,127,36,83,True,2450f009-9079-4bdb-8799-1600bdd4fce1,2026-06-04T15:56:55.527867Z,2026-07-18T15:41:28.688988+00:00,https://datos.salud.pr.gov
pr,2024-08-26,141,117,24,73,True,2450f009-9079-4bdb-8799-1600bdd4fce1,2026-06-04T15:56:55.527867Z,2026-07-18T15:41:28.688988+00:00,https://datos.salud.pr.gov
pr,2024-09-02,147,123,24,81,True,2450f009-9079-4bdb-8799-1600bdd4fce1,2026-06-04T15:56:55.527867Z,2026-07-18T15:41:28.688988+00:00,https://datos.salud.pr.gov
pr,2024-09-09,177,136,41,100,True,2450f009-9079-4bdb-8799-1600bdd4fce1,2026-06-04T15:56:55.527867Z,2026-07-18T15:41:28.688988+00:00,https://datos.salud.pr.gov
pr,2024-09-16,178,140,38,98,True,2450f009-9079-4bdb-8799-1600bdd4fce1,2026-06-04T15:56:55.527867Z,2026-07-18T15:41:28.688988+00:00,https://datos.salud.pr.gov
pr,2024-09-23,204,159,45,106,True,2450f009-9079-4bdb-8799-1600bdd4fce1,2026-06-04T15:56:55.527867Z,2026-07-18T15:41:28.688988+00:00,https://datos.salud.pr.gov
pr,2024-09-30,214,164,50,101,True,2450f009-9079-4bdb-8799-1600bdd4fce1,2026-06-04T15:56:55.527867Z,2026-07-18T15:41:28.688988+00:00,https://datos.salud.pr.gov
pr,2024-10-07,191,163,28,101,True,2450f009-9079-4bdb-8799-1600bdd4fce1,2026-06-04T15:56:55.527867Z,2026-07-18T15:41:28.688988+00:00,https://datos.salud.pr.gov
pr,2024-10-14,187,142,45,100,True,2450f009-9079-4bdb-8799-1600bdd4fce1,2026-06-04T15:56:55.527867Z,2026-07-18T15:41:28.688988+00:00,https://datos.salud.pr.gov
pr,2024-10-21,170,136,34,91,True,2450f009-9079-4bdb-8799-1600bdd4fce1,2026-06-04T15:56:55.527867Z,2026-07-18T15:41:28.688988+00:00,https://datos.salud.pr.gov
pr,2024-10-28,172,135,37,74,True,2450f009-9079-4bdb-8799-1600bdd4fce1,2026-06-04T15:56:55.527867Z,2026-07-18T15:41:28.688988+00:00,https://datos.salud.pr.gov
pr,2024-11-04,141,109,32,69,True,2450f009-9079-4bdb-8799-1600bdd4fce1,2026-06-04T15:56:55.527867Z,2026-07-18T15:41:28.688988+00:00,https://datos.salud.pr.gov
pr,2024-11-11,156,123,33,73,True,2450f009-9079-4bdb-8799-1600bdd4fce1,2026-06-04T15:56:55.527867Z,2026-07-18T15:41:28.688988+00:00,https://datos.salud.pr.gov
pr,2024-11-18,126,109,17,58,True,2450f009-9079-4bdb-8799-1600bdd4fce1,2026-06-04T15:56:55.527867Z,2026-07-18T15:41:28.688988+00:00,https://datos.salud.pr.gov
pr,2024-11-25,161,131,30,66,True,2450f009-9079-4bdb-8799-1600bdd4fce1,2026-06-04T15:56:55.527867Z,2026-07-18T15:41:28.688988+00:00,https://datos.salud.pr.gov
pr,2024-12-02,170,133,37,84,True,2450f009-9079-4bdb-8799-1600bdd4fce1,2026-06-04T15:56:55.527867Z,2026-07-18T15:41:28.688988+00:00,https://datos.salud.pr.gov
pr,2024-12-09,152,119,33,78,True,2450f009-9079-4bdb-8799-1600bdd4fce1,2026-06-04T15:56:55.527867Z,2026-07-18T15:41:28.688988+00:00,https://datos.salud.pr.gov
pr,2024-12-16,156,132,24,74,True,2450f009-9079-4bdb-8799-1600bdd4fce1,2026-06-04T15:56:55.527867Z,2026-07-18T15:41:28.688988+00:00,https://datos.salud.pr.gov
pr,2024-12-23,128,100,28,63,True,2450f009-9079-4bdb-8799-1600bdd4fce1,2026-06-04T15:56:55.527867Z,2026-07-18T15:41:28.688988+00:00,https://datos.salud.pr.gov
pr,2024-12-30,125,98,27,67,True,2450f009-9079-4bdb-8799-1600bdd4fce1,2026-06-04T15:56:55.527867Z,2026-07-18T15:41:28.688988+00:00,https://datos.salud.pr.gov
pr,2025-01-06,120,96,24,70,True,2450f009-9079-4bdb-8799-1600bdd4fce1,2026-06-04T15:56:55.527867Z,2026-07-18T15:41:28.688988+00:00,https://datos.salud.pr.gov
pr,2025-01-13,131,103,28,72,True,2450f009-9079-4bdb-8799-1600bdd4fce1,2026-06-04T15:56:55.527867Z,2026-07-18T15:41:28.688988+00:00,https://datos.salud.pr.gov
pr,2025-01-20,133,98,35,68,True,2450f009-9079-4bdb-8799-1600bdd4fce1,2026-06-04T15:56:55.527867Z,2026-07-18T15:41:28.688988+00:00,https://datos.salud.pr.gov
pr,2025-01-27,129,98,31,65,True,2450f009-9079-4bdb-8799-1600bdd4fce1,2026-06-04T15:56:55.527867Z,2026-07-18T15:41:28.688988+00:00,https://datos.salud.pr.gov
pr,2025-02-03,104,80,24,64,True,2450f009-9079-4bdb-8799-1600bdd4fce1,2026-06-04T15:56:55.527867Z,2026-07-18T15:41:28.688988+00:00,https://datos.salud.pr.gov
pr,2025-02-10,92,62,30,45,True,2450f009-9079-4bdb-8799-1600bdd4fce1,2026-06-04T15:56:55.527867Z,2026-07-18T15:41:28.688988+00:00,https://datos.salud.pr.gov
pr,2025-02-17,92,60,32,47,True,2450f009-9079-4bdb-8799-1600bdd4fce1,2026-06-04T15:56:55.527867Z,2026-07-18T15:41:28.688988+00:00,https://datos.salud.pr.gov
pr,2025-02-24,89,62,27,43,True,2450f009-9079-4bdb-8799-1600bdd4fce1,2026-06-04T15:56:55.527867Z,2026-07-18T15:41:28.688988+00:00,https://datos.salud.pr.gov
pr,2025-03-03,76,59,17,44,True,2450f009-9079-4bdb-8799-1600bdd4fce1,2026-06-04T15:56:55.527867Z,2026-07-18T15:41:28.688988+00:00,https://datos.salud.pr.gov
pr,2025-03-10,68,53,15,43,True,2450f009-9079-4bdb-8799-1600bdd4fce1,2026-06-04T15:56:55.527867Z,2026-07-18T15:41:28.688988+00:00,https://datos.salud.pr.gov
pr,2025-03-17,72,50,22,36,True,2450f009-9079-4bdb-8799-1600bdd4fce1,2026-06-04T15:56:55.527867Z,2026-07-18T15:41:28.688988+00:00,https://datos.salud.pr.gov
pr,2025-03-24,45,37,8,22,True,2450f009-9079-4bdb-8799-1600bdd4fce1,2026-06-04T15:56:55.527867Z,2026-07-18T15:41:28.688988+00:00,https://datos.salud.pr.gov
pr,2025-03-31,57,35,22,36,True,2450f009-9079-4bdb-8799-1600bdd4fce1,2026-06-04T15:56:55.527867Z,2026-07-18T15:41:28.688988+00:00,https://datos.salud.pr.gov
pr,2025-04-07,47,32,15,29,True,2450f009-9079-4bdb-8799-1600bdd4fce1,2026-06-04T15:56:55.527867Z,2026-07-18T15:41:28.688988+00:00,https://datos.salud.pr.gov
pr,2025-04-14,48,37,11,19,True,2450f009-9079-4bdb-8799-1600bdd4fce1,2026-06-04T15:56:55.527867Z,2026-07-18T15:41:28.688988+00:00,https://datos.salud.pr.gov
pr,2025-04-21,45,30,15,22,True,2450f009-9079-4bdb-8799-1600bdd4fce1,2026-06-04T15:56:55.527867Z,2026-07-18T15:41:28.688988+00:00,https://datos.salud.pr.gov
pr,2025-04-28,46,31,15,30,True,2450f009-9079-4bdb-8799-1600bdd4fce1,2026-06-04T15:56:55.527867Z,2026-07-18T15:41:28.688988+00:00,https://datos.salud.pr.gov
pr,2025-05-05,41,29,12,24,True,2450f009-9079-4bdb-8799-1600bdd4fce1,2026-06-04T15:56:55.527867Z,2026-07-18T15:41:28.688988+00:00,https://datos.salud.pr.gov
pr,2025-05-12,50,31,19,28,True,2450f009-9079-4bdb-8799-1600bdd4fce1,2026-06-04T15:56:55.527867Z,2026-07-18T15:41:28.688988+00:00,https://datos.salud.pr.gov
pr,2025-05-19,41,26,15,22,True,2450f009-9079-4bdb-8799-1600bdd4fce1,2026-06-04T15:56:55.527867Z,2026-07-18T15:41:28.688988+00:00,https://datos.salud.pr.gov
pr,2025-05-26,44,32,12,29,True,2450f009-9079-4bdb-8799-1600bdd4fce1,2026-06-04T15:56:55.527867Z,2026-07-18T15:41:28.688988+00:00,https://datos.salud.pr.gov
pr,2025-06-02,44,25,19,23,True,2450f009-9079-4bdb-8799-1600bdd4fce1,2026-06-04T15:56:55.527867Z,2026-07-18T15:41:28.688988+00:00,https://datos.salud.pr.gov
pr,2025-06-09,70,45,25,42,True,2450f009-9079-4bdb-8799-1600bdd4fce1,2026-06-04T15:56:55.527867Z,2026-07-18T15:41:28.688988+00:00,https://datos.salud.pr.gov
pr,2025-06-16,63,39,24,27,True,2450f009-9079-4bdb-8799-1600bdd4fce1,2026-06-04T15:56:55.527867Z,2026-07-18T15:41:28.688988+00:00,https://datos.salud.pr.gov
pr,2025-06-23,46,24,22,28,True,2450f009-9079-4bdb-8799-1600bdd4fce1,2026-06-04T15:56:55.527867Z,2026-07-18T15:41:28.688988+00:00,https://datos.salud.pr.gov
pr,2025-06-30,52,35,17,31,True,2450f009-9079-4bdb-8799-1600bdd4fce1,2026-06-04T15:56:55.527867Z,2026-07-18T15:41:28.688988+00:00,https://datos.salud.pr.gov
pr,2025-07-07,54,35,19,31,True,2450f009-9079-4bdb-8799-1600bdd4fce1,2026-06-04T15:56:55.527867Z,2026-07-18T15:41:28.688988+00:00,https://datos.salud.pr.gov
pr,2025-07-14,58,44,14,35,True,2450f009-9079-4bdb-8799-1600bdd4fce1,2026-06-04T15:56:55.527867Z,2026-07-18T15:41:28.688988+00:00,https://datos.salud.pr.gov
pr,2025-07-21,42,31,11,23,True,2450f009-9079-4bdb-8799-1600bdd4fce1,2026-06-04T15:56:55.527867Z,2026-07-18T15:41:28.688988+00:00,https://datos.salud.pr.gov
pr,2025-07-28,38,26,12,25,True,2450f009-9079-4bdb-8799-1600bdd4fce1,2026-06-04T15:56:55.527867Z,2026-07-18T15:41:28.688988+00:00,https://datos.salud.pr.gov
pr,2025-08-04,56,35,21,32,True,2450f009-9079-4bdb-8799-1600bdd4fce1,2026-06-04T15:56:55.527867Z,2026-07-18T15:41:28.688988+00:00,https://datos.salud.pr.gov
pr,2025-08-11,46,29,17,24,True,2450f009-9079-4bdb-8799-1600bdd4fce1,2026-06-04T15:56:55.527867Z,2026-07-18T15:41:28.688988+00:00,https://datos.salud.pr.gov
pr,2025-08-18,43,28,15,28,True,2450f009-9079-4bdb-8799-1600bdd4fce1,2026-06-04T15:56:55.527867Z,2026-07-18T15:41:28.688988+00:00,https://datos.salud.pr.gov
pr,2025-08-25,43,28,15,19,True,2450f009-9079-4bdb-8799-1600bdd4fce1,2026-06-04T15:56:55.527867Z,2026-07-18T15:41:28.688988+00:00,https://datos.salud.pr.gov
pr,2025-09-01,43,35,8,27,True,2450f009-9079-4bdb-8799-1600bdd4fce1,2026-06-04T15:56:55.527867Z,2026-07-18T15:41:28.688988+00:00,https://datos.salud.pr.gov
pr,2025-09-08,40,32,8,27,True,2450f009-9079-4bdb-8799-1600bdd4fce1,2026-06-04T15:56:55.527867Z,2026-07-18T15:41:28.688988+00:00,https://datos.salud.pr.gov
pr,2025-09-15,43,27,16,24,True,2450f009-9079-4bdb-8799-1600bdd4fce1,2026-06-04T15:56:55.527867Z,2026-07-18T15:41:28.688988+00:00,https://datos.salud.pr.gov
pr,2025-09-22,32,26,6,18,True,2450f009-9079-4bdb-8799-1600bdd4fce1,2026-06-04T15:56:55.527867Z,2026-07-18T15:41:28.688988+00:00,https://datos.salud.pr.gov
pr,2025-09-29,52,31,21,28,True,2450f009-9079-4bdb-8799-1600bdd4fce1,2026-06-04T15:56:55.527867Z,2026-07-18T15:41:28.688988+00:00,https://datos.salud.pr.gov
pr,2025-10-06,69,45,24,37,True,2450f009-9079-4bdb-8799-1600bdd4fce1,2026-06-04T15:56:55.527867Z,2026-07-18T15:41:28.688988+00:00,https://datos.salud.pr.gov
pr,2025-10-13,75,63,12,46,True,2450f009-9079-4bdb-8799-1600bdd4fce1,2026-06-04T15:56:55.527867Z,2026-07-18T15:41:28.688988+00:00,https://datos.salud.pr.gov
pr,2025-10-20,55,43,12,26,True,2450f009-9079-4bdb-8799-1600bdd4fce1,2026-06-04T15:56:55.527867Z,2026-07-18T15:41:28.688988+00:00,https://datos.salud.pr.gov
pr,2025-10-27,51,36,15,22,True,2450f009-9079-4bdb-8799-1600bdd4fce1,2026-06-04T15:56:55.527867Z,2026-07-18T15:41:28.688988+00:00,https://datos.salud.pr.gov
pr,2025-11-03,52,35,17,31,True,2450f009-9079-4bdb-8799-1600bdd4fce1,2026-06-04T15:56:55.527867Z,2026-07-18T15:41:28.688988+00:00,https://datos.salud.pr.gov
pr,2025-11-10,54,40,14,31,True,2450f009-9079-4bdb-8799-1600bdd4fce1,2026-06-04T15:56:55.527867Z,2026-07-18T15:41:28.688988+00:00,https://datos.salud.pr.gov
pr,2025-11-17,70,58,12,54,True,2450f009-9079-4bdb-8799-1600bdd4fce1,2026-06-04T15:56:55.527867Z,2026-07-18T15:41:28.688988+00:00,https://datos.salud.pr.gov
pr,2025-11-24,51,31,20,23,True,2450f009-9079-4bdb-8799-1600bdd4fce1,2026-06-04T15:56:55.527867Z,2026-07-18T15:41:28.688988+00:00,https://datos.salud.pr.gov
pr,2025-12-01,48,31,17,28,True,2450f009-9079-4bdb-8799-1600bdd4fce1,2026-06-04T15:56:55.527867Z,2026-07-18T15:41:28.688988+00:00,https://datos.salud.pr.gov
pr,2025-12-08,55,43,12,36,True,2450f009-9079-4bdb-8799-1600bdd4fce1,2026-06-04T15:56:55.527867Z,2026-07-18T15:41:28.688988+00:00,https://datos.salud.pr.gov
pr,2025-12-15,43,27,16,23,True,2450f009-9079-4bdb-8799-1600bdd4fce1,2026-06-04T15:56:55.527867Z,2026-07-18T15:41:28.688988+00:00,https://datos.salud.pr.gov
pr,2025-12-22,31,19,12,17,True,2450f009-9079-4bdb-8799-1600bdd4fce1,2026-06-04T15:56:55.527867Z,2026-07-18T15:41:28.688988+00:00,https://datos.salud.pr.gov
pr,2025-12-29,29,16,13,11,True,2450f009-9079-4bdb-8799-1600bdd4fce1,2026-06-04T15:56:55.527867Z,2026-07-18T15:41:28.688988+00:00,https://datos.salud.pr.gov
pr,2026-01-05,60,40,20,37,True,2450f009-9079-4bdb-8799-1600bdd4fce1,2026-06-04T15:56:55.527867Z,2026-07-18T15:41:28.688988+00:00,https://datos.salud.pr.gov
pr,2026-01-12,57,41,16,34,True,2450f009-9079-4bdb-8799-1600bdd4fce1,2026-06-04T15:56:55.527867Z,2026-07-18T15:41:28.688988+00:00,https://datos.salud.pr.gov
pr,2026-01-19,31,20,11,15,True,2450f009-9079-4bdb-8799-1600bdd4fce1,2026-06-04T15:56:55.527867Z,2026-07-18T15:41:28.688988+00:00,https://datos.salud.pr.gov
pr,2026-01-26,46,31,15,17,True,2450f009-9079-4bdb-8799-1600bdd4fce1,2026-06-04T15:56:55.527867Z,2026-07-18T15:41:28.688988+00:00,https://datos.salud.pr.gov
pr,2026-02-02,41,34,7,25,True,2450f009-9079-4bdb-8799-1600bdd4fce1,2026-06-04T15:56:55.527867Z,2026-07-18T15:41:28.688988+00:00,https://datos.salud.pr.gov
pr,2026-02-09,26,20,6,14,True,2450f009-9079-4bdb-8799-1600bdd4fce1,2026-06-04T15:56:55.527867Z,2026-07-18T15:41:28.688988+00:00,https://datos.salud.pr.gov
pr,2026-02-16,22,20,2,14,True,2450f009-9079-4bdb-8799-1600bdd4fce1,2026-06-04T15:56:55.527867Z,2026-07-18T15:41:28.688988+00:00,https://datos.salud.pr.gov
pr,2026-02-23,24,21,3,18,True,2450f009-9079-4bdb-8799-1600bdd4fce1,2026-06-04T15:56:55.527867Z,2026-07-18T15:41:28.688988+00:00,https://datos.salud.pr.gov
pr,2026-03-02,22,17,5,14,True,2450f009-9079-4bdb-8799-1600bdd4fce1,2026-06-04T15:56:55.527867Z,2026-07-18T15:41:28.688988+00:00,https://datos.salud.pr.gov
pr,2026-03-09,30,25,5,16,True,2450f009-9079-4bdb-8799-1600bdd4fce1,2026-06-04T15:56:55.527867Z,2026-07-18T15:41:28.688988+00:00,https://datos.salud.pr.gov
pr,2026-03-16,27,22,5,16,True,2450f009-9079-4bdb-8799-1600bdd4fce1,2026-06-04T15:56:55.527867Z,2026-07-18T15:41:28.688988+00:00,https://datos.salud.pr.gov
pr,2026-03-23,28,22,6,13,True,2450f009-9079-4bdb-8799-1600bdd4fce1,2026-06-04T15:56:55.527867Z,2026-07-18T15:41:28.688988+00:00,https://datos.salud.pr.gov
pr,2026-03-30,17,14,3,8,True,2450f009-9079-4bdb-8799-1600bdd4fce1,2026-06-04T15:56:55.527867Z,2026-07-18T15:41:28.688988+00:00,https://datos.salud.pr.gov
pr,2026-04-06,21,18,3,13,True,2450f009-9079-4bdb-8799-1600bdd4fce1,2026-06-04T15:56:55.527867Z,2026-07-18T15:41:28.688988+00:00,https://datos.salud.pr.gov
pr,2026-04-13,22,20,2,10,True,2450f009-9079-4bdb-8799-1600bdd4fce1,2026-06-04T15:56:55.527867Z,2026-07-18T15:41:28.688988+00:00,https://datos.salud.pr.gov
pr,2026-04-20,16,16,0,10,True,2450f009-9079-4bdb-8799-1600bdd4fce1,2026-06-04T15:56:55.527867Z,2026-07-18T15:41:28.688988+00:00,https://datos.salud.pr.gov
pr,2026-04-27,23,21,2,15,True,2450f009-9079-4bdb-8799-1600bdd4fce1,2026-06-04T15:56:55.527867Z,2026-07-18T15:41:28.688988+00:00,https://datos.salud.pr.gov
pr,2026-05-04,19,18,1,6,True,2450f009-9079-4bdb-8799-1600bdd4fce1,2026-06-04T15:56:55.527867Z,2026-07-18T15:41:28.688988+00:00,https://datos.salud.pr.gov
pr,2026-05-11,18,18,0,4,True,2450f009-9079-4bdb-8799-1600bdd4fce1,2026-06-04T15:56:55.527867Z,2026-07-18T15:41:28.688988+00:00,https://datos.salud.pr.gov
pr,2026-05-18,11,10,1,1,True,2450f009-9079-4bdb-8799-1600bdd4fce1,2026-06-04T15:56:55.527867Z,2026-07-18T15:41:28.688988+00:00,https://datos.salud.pr.gov
